game_id,saison,league,gameday,venue,team,team_table_position,opponent,opponent_table_position,result,player_position,goal_minute,goal_score,goal_type
3964335,2004,Segunda División B - Grupo III (-20/21),2,H,FC Barcelona B,1,FC Girona,5,1:2,LA,65',1:2,Linksschuss
3964337,2004,Segunda División B - Grupo III (-20/21),4,H,FC Barcelona B,1,Espanyol Barcelona B,17,2:0,LA,88',2:0,Linksschuss
3964343,2004,Segunda División B - Grupo III (-20/21),10,A,FC Barcelona B,1,Villajoyosa CF,8,2:1,OM,2',0:1,Ohne weitere Angaben
3964348,2004,Segunda División B - Grupo III (-20/21),14,A,FC Barcelona B,1,UE Figueres,15,2:2,OM,20',0:1,Ohne weitere Angaben
3964351,2004,Segunda División B - Grupo III (-20/21),17,H,FC Barcelona B,1,CD Alcoyano,11,2:0,MS,40',2:0,Linksschuss
3964375,2004,Segunda División B - Grupo III (-20/21),33,H,FC Barcelona B,1,UE Figueres,11,2:2,OM,15',2:0,Rechtsschuss
28230,2004,LaLiga,34,H,FC Barcelona,1,Albacete Balompié,19,2:0,MS,90'+1,2:0,Linksschuss
35615,2005,UEFA Champions League,Gruppenphase,H,FC Barcelona,,Panathinaikos Athen,,5:0,RA,34',3:0,Linksschuss
36004,2005,LaLiga,13,H,FC Barcelona,1,Racing Santander,18,4:1,RA,51',2:0,Linksschuss
36020,2005,LaLiga,19,H,FC Barcelona,1,Athletic Bilbao,19,2:1,RA,50',2:1,Linksschuss
36025,2005,LaLiga,20,H,FC Barcelona,1,Deportivo Alavés,19,2:0,MS,82',2:0,Linksschuss
36031,2005,LaLiga,21,A,FC Barcelona,1,RCD Mallorca,17,3:0,MS,75',0:2,Rechtsschuss
36031,2005,LaLiga,21,A,FC Barcelona,1,RCD Mallorca,17,3:0,MS,83',0:3,Linksschuss
2421924,2005,Copa del Rey,Viertelfinale,H,FC Barcelona,,Real Saragossa ,,2:1,MS,42',1:0,Kopfball
36039,2005,LaLiga,24,H,FC Barcelona,1,Real Betis Sevilla,15,5:1,RA,84',5:1,Linksschuss
58417,2006,LaLiga,1,A,FC Barcelona,2,Celta Vigo,18,3:2,LA,59',1:2,Linksschuss
58426,2006,LaLiga,2,H,FC Barcelona,4,CA Osasuna,19,3:0,RA,36',3:0,Linksschuss
64832,2006,UEFA Champions League,Gruppenphase,A,FC Barcelona,,SV Werder Bremen,,1:1,RA,89',1:1,Linksschuss
58475,2006,LaLiga,6,H,FC Barcelona,1,FC Sevilla,3,3:1,RA,80',3:1,Rechtsschuss
58667,2006,LaLiga,26,H,FC Barcelona,2,Real Madrid,4,3:3,RA,11',1:1,Linksschuss
58667,2006,LaLiga,26,H,FC Barcelona,2,Real Madrid,4,3:3,RA,28',2:2,Linksschuss
58667,2006,LaLiga,26,H,FC Barcelona,2,Real Madrid,4,3:3,RA,90'+1,3:3,Linksschuss
58681,2006,LaLiga,27,A,FC Barcelona,1,Recreativo Huelva,7,4:0,RA,86',0:4,Linksschuss
58687,2006,LaLiga,28,H,FC Barcelona,1,Deportivo La Coruna ,12,2:1,RA,45',1:0,Linksschuss
2283262,2006,Copa del Rey,Halbfinale,H,FC Barcelona,,FC Getafe,,5:2,RA,29',2:0,Sololauf
2283262,2006,Copa del Rey,Halbfinale,H,FC Barcelona,,FC Getafe,,5:2,RA,45',3:0,Linksschuss
58756,2006,LaLiga,35,A,FC Barcelona,2,Atlético Madrid,6,6:0,RA,39',0:1,Linksschuss
58756,2006,LaLiga,35,A,FC Barcelona,2,Atlético Madrid,6,6:0,RA,80',0:5,Linksschuss
58777,2006,LaLiga,37,H,FC Barcelona,2,Espanyol Barcelona,12,2:2,RA,43',1:1,Ohne weitere Angaben
58777,2006,LaLiga,37,H,FC Barcelona,2,Espanyol Barcelona,12,2:2,RA,57',2:1,Rechtsschuss
58789,2006,LaLiga,38,A,FC Barcelona,2,Gimnàstic de Tarragona ,20,5:1,RA,34',0:2,Linksschuss
58789,2006,LaLiga,38,A,FC Barcelona,2,Gimnàstic de Tarragona ,20,5:1,RA,51',0:4,Linksschuss
83331,2007,UEFA Champions League,Gruppenphase,H,FC Barcelona,,Olympique Lyon,,3:0,RA,82',2:0,Linksschuss
78816,2007,LaLiga,4,H,FC Barcelona,5,FC Sevilla,2,2:1,RA,72',1:0,Linksschuss
78816,2007,LaLiga,4,H,FC Barcelona,5,FC Sevilla,2,2:1,RA,79',2:0,Elfmeter
78825,2007,LaLiga,5,H,FC Barcelona,4,Real Saragossa ,8,4:1,RA,5',1:0,Linksschuss
78825,2007,LaLiga,5,H,FC Barcelona,4,Real Saragossa ,8,4:1,RA,10',2:1,Linksschuss
78839,2007,LaLiga,6,A,FC Barcelona,4,UD Levante,20,4:1,RA,50',0:4,Linksschuss
83337,2007,UEFA Champions League,Gruppenphase,A,FC Barcelona,,VfB Stuttgart,,2:0,RA,66',0:2,abgefälschter Torschuss
78845,2007,LaLiga,7,H,FC Barcelona,4,Atlético Madrid,5,3:0,RA,19',2:0,Linksschuss
78865,2007,LaLiga,9,H,FC Barcelona,4,UD Almería,9,2:0,RA,80',2:0,Elfmeter
83375,2007,UEFA Champions League,Gruppenphase,H,FC Barcelona,,Glasgow Rangers,,2:0,RA,41',2:0,Abstauber
78906,2007,LaLiga,13,H,FC Barcelona,3,Recreativo Huelva,17,3:0,RA,81',3:0,Elfmeter
83378,2007,UEFA Champions League,Gruppenphase,A,FC Barcelona,,Olympique Lyon,,2:2,RA,58',1:2,Elfmeter
88392,2007,UEFA Champions League,Achtelfinale,A,FC Barcelona,,Celtic Glasgow,,3:2,RA,18',1:1,Linksschuss
88392,2007,UEFA Champions League,Achtelfinale,A,FC Barcelona,,Celtic Glasgow,,3:2,RA,79',2:3,Linksschuss
79025,2007,LaLiga,25,H,FC Barcelona,2,UD Levante,20,5:1,RA,44',2:1,Linksschuss
79132,2007,LaLiga,35,H,FC Barcelona,3,FC Valencia,13,6:0,RA,5',1:0,Elfmeter
920353,2008,LaLiga,2,H,FC Barcelona,16,Racing Santander,12,1:1,RA,70',1:0,Elfmeter
920362,2008,LaLiga,3,A,FC Barcelona,17,Sporting Gijón,20,6:1,RA,85',1:5,Linksschuss
920362,2008,LaLiga,3,A,FC Barcelona,17,Sporting Gijón,20,6:1,RA,89',1:6,Kopfball
920381,2008,LaLiga,5,A,FC Barcelona,6,Espanyol Barcelona,8,2:1,RA,90',1:2,Elfmeter
923861,2008,UEFA Champions League,Gruppenphase,A,FC Barcelona,,Shakhtar Donetsk,,2:1,RA,87',1:1,Rechtsschuss
923861,2008,UEFA Champions League,Gruppenphase,A,FC Barcelona,,Shakhtar Donetsk,,2:1,RA,90'+2,1:2,Linksschuss
920391,2008,LaLiga,6,H,FC Barcelona,5,Atlético Madrid,7,6:1,RA,8',3:0,Direkter Freistoß
923876,2008,UEFA Champions League,Gruppenphase,A,FC Barcelona,,FC Basel 1893,,5:0,MS,4',0:1,Linksschuss
920419,2008,LaLiga,9,A,FC Barcelona,2,FC Málaga,6,4:1,RA,19',1:2,Linksschuss
923884,2008,UEFA Champions League,Gruppenphase,H,FC Barcelona,,FC Basel 1893,,1:1,RA,61',1:0,Linksschuss
926975,2008,Copa del Rey,4.Runde,H,FC Barcelona,,Benidorm CD,,1:0,RA,86',1:0,Elfmeternachschuss
920438,2008,LaLiga,11,A,FC Barcelona,1,Recreativo Huelva,17,2:0,RA,51',0:1,Linksschuss
923908,2008,UEFA Champions League,Gruppenphase,A,FC Barcelona,,Sporting Lissabon,,5:2,RA,49',0:3,Linksschuss
920457,2008,LaLiga,13,A,FC Barcelona,1,FC Sevilla,5,3:0,RA,78',0:2,Linksschuss
920457,2008,LaLiga,13,A,FC Barcelona,1,FC Sevilla,5,3:0,RA,90'+2,0:3,Linksschuss
920477,2008,LaLiga,15,H,FC Barcelona,1,Real Madrid,5,2:0,RA,89',2:0,Kontertor
931759,2008,Copa del Rey,Achtelfinale,A,FC Barcelona,,Atlético Madrid,,3:1,RA,11',0:1,Linksschuss
931759,2008,Copa del Rey,Achtelfinale,A,FC Barcelona,,Atlético Madrid,,3:1,RA,57',0:2,Elfmeter
931759,2008,Copa del Rey,Achtelfinale,A,FC Barcelona,,Atlético Madrid,,3:1,RA,79',1:3,Rechtsschuss
920509,2008,LaLiga,18,A,FC Barcelona,1,CA Osasuna,20,3:2,RA,84',2:3,Linksschuss
920519,2008,LaLiga,19,H,FC Barcelona,1,Deportivo La Coruna ,7,5:0,RA,21',1:0,Linksschuss
920533,2008,LaLiga,20,H,FC Barcelona,1,CD Numancia ,17,4:1,RA,49',1:0,Linksschuss
920533,2008,LaLiga,20,H,FC Barcelona,1,CD Numancia ,17,4:1,RA,76',4:1,Rechtsschuss
920543,2008,LaLiga,21,A,FC Barcelona,1,Racing Santander,9,2:1,RA,65',1:1,Rechtsschuss
920543,2008,LaLiga,21,A,FC Barcelona,1,Racing Santander,9,2:1,RA,81',1:2,Rechtsschuss
920581,2008,LaLiga,25,A,FC Barcelona,1,Atlético Madrid,7,4:3,RA,30',0:2,Linksschuss
935798,2008,Copa del Rey,Halbfinale,A,FC Barcelona,,RCD Mallorca,,1:1,RA,81',1:1,Linksschuss
920590,2008,LaLiga,26,H,FC Barcelona,1,Athletic Bilbao,11,2:0,RA,31',2:0,Elfmeter
933247,2008,UEFA Champions League,Achtelfinale,H,FC Barcelona,,Olympique Lyon,,5:2,RA,40',3:0,Linksschuss
920609,2008,LaLiga,28,H,FC Barcelona,1,FC Málaga,6,6:0,RA,26',2:0,Rechtsschuss
940383,2008,UEFA Champions League,Viertelfinale,H,FC Barcelona,,FC Bayern München,,4:0,RA,9',1:0,Linksschuss
940383,2008,UEFA Champions League,Viertelfinale,H,FC Barcelona,,FC Bayern München,,4:0,RA,38',3:0,Rechtsschuss
920638,2008,LaLiga,31,A,FC Barcelona,1,FC Getafe,14,1:0,RA,18',0:1,Linksschuss
920657,2008,LaLiga,33,A,FC Barcelona,1,FC Valencia,4,2:2,RA,23',0:1,Linksschuss
920667,2008,LaLiga,34,A,FC Barcelona,1,Real Madrid,2,6:2,MS,35',1:3,Linksschuss
920667,2008,LaLiga,34,A,FC Barcelona,1,Real Madrid,2,6:2,MS,75',2:5,Linksschuss
938294,2008,Copa del Rey,Finale,H,FC Barcelona,,Athletic Bilbao,,4:1,RA,55',2:1,Linksschuss
946099,2008,UEFA Champions League,Finale,H,FC Barcelona,,Manchester United,,2:0,RA,70',2:0,Kopfball
949294,2009,Supercopa,Finale,H,FC Barcelona,,Athletic Bilbao,,3:0,RA,50',1:0,Rechtsschuss
949294,2009,Supercopa,Finale,H,FC Barcelona,,Athletic Bilbao,,3:0,RA,68',2:0,Elfmeter
955807,2009,LaLiga,2,A,FC Barcelona,2,FC Getafe,1,2:0,RA,78',0:2,Kopfball
955817,2009,LaLiga,3,H,FC Barcelona,1,Atlético Madrid,17,5:2,RA,15',2:0,Linksschuss
955817,2009,LaLiga,3,H,FC Barcelona,1,Atlético Madrid,17,5:2,RA,90'+3,5:2,Rechtsschuss
955837,2009,LaLiga,4,A,FC Barcelona,2,Racing Santander,10,4:1,RA,23',0:2,Linksschuss
955837,2009,LaLiga,4,A,FC Barcelona,2,Racing Santander,10,4:1,RA,63',0:4,Linksschuss
971650,2009,UEFA Champions League,Gruppenphase,H,FC Barcelona,,Dynamo Kyiv,,2:0,RA,25',1:0,Linksschuss
955892,2009,LaLiga,8,H,FC Barcelona,1,Real Saragossa ,13,6:1,RA,80',5:1,Linksschuss
955906,2009,LaLiga,10,H,FC Barcelona,1,RCD Mallorca,5,4:2,RA,86',4:1,Elfmeter
976432,2009,Copa del Rey,4.Runde,H,FC Barcelona,,Cultural Leonesa,,5:0,RA,64',4:0,Linksschuss
957306,2009,LaLiga,13,A,FC Barcelona,1,Deportivo La Coruna ,5,3:1,RA,26',0:1,Linksschuss
957306,2009,LaLiga,13,A,FC Barcelona,1,Deportivo La Coruna ,5,3:1,RA,80',1:2,Kopfball
971654,2009,UEFA Champions League,Gruppenphase,A,FC Barcelona,,Dynamo Kyiv,,2:1,RA,86',1:2,Direkter Freistoß
988498,2009,FIFA Klub-WM,Halbfinale,A,FC Barcelona,,CF Atlante,,3:1,RA,55',1:2,Linksschuss
988666,2009,FIFA Klub-WM,Finale,A,FC Barcelona,,Club Estudiantes de La Plata,,2:1 n.V.,RA,110',1:2,Brust
957344,2009,LaLiga,17,A,FC Barcelona,1,CD Teneriffa,17,5:0,RA,36',0:1,Linksschuss
957344,2009,LaLiga,17,A,FC Barcelona,1,CD Teneriffa,17,5:0,RA,45',0:3,Rechtsschuss
957344,2009,LaLiga,17,A,FC Barcelona,1,CD Teneriffa,17,5:0,RA,75',0:4,Linksschuss
957354,2009,LaLiga,18,H,FC Barcelona,1,FC Sevilla,5,4:0,RA,85',3:0,Linksschuss
957354,2009,LaLiga,18,H,FC Barcelona,1,FC Sevilla,5,4:0,RA,90'+1,4:0,Linksschuss
957363,2009,LaLiga,19,A,FC Barcelona,1,Real Valladolid,17,3:0,RA,54',0:3,Linksschuss
957389,2009,LaLiga,21,H,FC Barcelona,1,FC Getafe,7,2:1,RA,7',1:0,Linksschuss
957420,2009,LaLiga,24,H,FC Barcelona,1,FC Málaga,12,2:1,OM,84',2:1,Rechtsschuss
957437,2009,LaLiga,25,A,FC Barcelona,1,UD Almería,13,2:2,RA,42',1:1,Direkter Freistoß
957437,2009,LaLiga,25,A,FC Barcelona,1,UD Almería,13,2:2,RA,66',2:2,Linksschuss
957446,2009,LaLiga,26,H,FC Barcelona,1,FC Valencia,3,3:0,MS,56',1:0,Linksschuss
957446,2009,LaLiga,26,H,FC Barcelona,1,FC Valencia,3,3:0,MS,80',2:0,Linksschuss
957446,2009,LaLiga,26,H,FC Barcelona,1,FC Valencia,3,3:0,MS,82',3:0,Rechtsschuss
988805,2009,UEFA Champions League,Achtelfinale,H,FC Barcelona,,VfB Stuttgart,,4:0,MS,13',1:0,Linksschuss
988805,2009,UEFA Champions League,Achtelfinale,H,FC Barcelona,,VfB Stuttgart,,4:0,MS,56',3:0,Linksschuss
957454,2009,LaLiga,27,A,FC Barcelona,1,Real Saragossa ,17,4:2,RA,4',0:1,Kopfball
957454,2009,LaLiga,27,A,FC Barcelona,1,Real Saragossa ,17,4:2,RA,65',0:2,Linksschuss
957454,2009,LaLiga,27,A,FC Barcelona,1,Real Saragossa ,17,4:2,RA,78',0:3,Linksschuss
957597,2009,LaLiga,30,H,FC Barcelona,1,Athletic Bilbao,6,4:1,MS,67',4:0,Linksschuss
1003669,2009,UEFA Champions League,Viertelfinale,H,FC Barcelona,,FC Arsenal,,4:1,MS,21',1:1,Linksschuss
1003669,2009,UEFA Champions League,Viertelfinale,H,FC Barcelona,,FC Arsenal,,4:1,MS,37',2:1,Rechtsschuss
1003669,2009,UEFA Champions League,Viertelfinale,H,FC Barcelona,,FC Arsenal,,4:1,MS,42',3:1,Linksschuss
1003669,2009,UEFA Champions League,Viertelfinale,H,FC Barcelona,,FC Arsenal,,4:1,MS,88',4:1,Sololauf
957612,2009,LaLiga,31,A,FC Barcelona,1,Real Madrid,2,2:0,MS,32',0:1,Rechtsschuss
957663,2009,LaLiga,35,A,FC Barcelona,1,FC Villarreal,6,4:1,MS,18',0:1,Linksschuss
957663,2009,LaLiga,35,A,FC Barcelona,1,FC Villarreal,6,4:1,MS,87',1:4,Linksschuss
957672,2009,LaLiga,36,H,FC Barcelona,1,CD Teneriffa,18,4:1,RA,16',1:0,Rechtsschuss
957672,2009,LaLiga,36,H,FC Barcelona,1,CD Teneriffa,18,4:1,RA,90'+3,4:1,Rechtsschuss
957682,2009,LaLiga,37,A,FC Barcelona,1,FC Sevilla,4,3:2,MS,5',0:1,Linksschuss
957691,2009,LaLiga,38,H,FC Barcelona,1,Real Valladolid,16,4:0,MS,61',3:0,Rechtsschuss
957691,2009,LaLiga,38,H,FC Barcelona,1,Real Valladolid,16,4:0,MS,74',4:0,Linksschuss
1030720,2010,Supercopa,Finale,H,FC Barcelona,,FC Sevilla,,4:0,RA,25',2:0,Linksschuss
1030720,2010,Supercopa,Finale,H,FC Barcelona,,FC Sevilla,,4:0,RA,43',3:0,Rechtsschuss
1030720,2010,Supercopa,Finale,H,FC Barcelona,,FC Sevilla,,4:0,RA,90'+1,4:0,Linksschuss
1036048,2010,LaLiga,1,A,FC Barcelona,1,Racing Santander,12,3:0,RA,3',0:1,Linksschuss
1050074,2010,UEFA Champions League,Gruppenphase,H,FC Barcelona,,Panathinaikos Athen,,5:1,MS,22',1:1,Linksschuss
1050074,2010,UEFA Champions League,Gruppenphase,H,FC Barcelona,,Panathinaikos Athen,,5:1,MS,45',3:1,Linksschuss
1036083,2010,LaLiga,3,A,FC Barcelona,11,Atlético Madrid,1,2:1,MS,12',0:1,Linksschuss
1036112,2010,LaLiga,6,H,FC Barcelona,3,RCD Mallorca,11,1:1,MS,20',1:0,Linksschuss
1050114,2010,UEFA Champions League,Gruppenphase,H,FC Barcelona,,FC Kopenhagen,,2:0,MS,18',1:0,Linksschuss
1050114,2010,UEFA Champions League,Gruppenphase,H,FC Barcelona,,FC Kopenhagen,,2:0,MS,90'+1,2:0,Linksschuss
1036143,2010,LaLiga,8,A,FC Barcelona,2,Real Saragossa ,20,2:0,MS,41',0:1,Linksschuss
1036143,2010,LaLiga,8,A,FC Barcelona,2,Real Saragossa ,20,2:0,MS,65',0:2,Linksschuss
1036153,2010,LaLiga,9,H,FC Barcelona,3,FC Sevilla,6,5:0,RA,4',1:0,Linksschuss
1036153,2010,LaLiga,9,H,FC Barcelona,3,FC Sevilla,6,5:0,RA,63',4:0,Linksschuss
1050123,2010,UEFA Champions League,Gruppenphase,A,FC Barcelona,,FC Kopenhagen,,1:1,RA,31',0:1,Rechtsschuss
1036164,2010,LaLiga,10,A,FC Barcelona,2,FC Getafe,10,3:1,MS,23',0:1,Linksschuss
1055164,2010,Copa del Rey,4.Runde,H,FC Barcelona,,Club Atlético de Ceuta,,5:1,RA,67',5:1,Linksschuss
1036173,2010,LaLiga,11,H,FC Barcelona,2,FC Villarreal,3,3:1,MS,58',2:1,Rechtsschuss
1036173,2010,LaLiga,11,H,FC Barcelona,2,FC Villarreal,3,3:1,MS,83',3:1,Linksschuss
1036185,2010,LaLiga,12,A,FC Barcelona,2,UD Almería,18,8:0,MS,16',0:1,Linksschuss
1036185,2010,LaLiga,12,A,FC Barcelona,2,UD Almería,18,8:0,MS,36',0:5,Abstauber
1036185,2010,LaLiga,12,A,FC Barcelona,2,UD Almería,18,8:0,MS,67',0:7,Abstauber
1050147,2010,UEFA Champions League,Gruppenphase,A,FC Barcelona,,Panathinaikos Athen,,3:0,MS,63',0:2,Linksschuss
1036206,2010,LaLiga,14,A,FC Barcelona,1,CA Osasuna,12,3:0,MS,64',0:2,Linksschuss
1036206,2010,LaLiga,14,A,FC Barcelona,1,CA Osasuna,12,3:0,MS,82',0:3,Elfmeter
1036214,2010,LaLiga,15,H,FC Barcelona,1,Real Sociedad San Sebastián,6,5:0,MS,46',3:0,Linksschuss
1036214,2010,LaLiga,15,H,FC Barcelona,1,Real Sociedad San Sebastián,6,5:0,MS,86',4:0,Linksschuss
1036248,2010,LaLiga,18,A,FC Barcelona,1,Deportivo La Coruna ,12,4:0,MS,51',0:2,Direkter Freistoß
1072026,2010,Copa del Rey,Viertelfinale,H,FC Barcelona,,Real Betis Sevilla,,5:0,MS,44',1:0,Linksschuss
1072026,2010,Copa del Rey,Viertelfinale,H,FC Barcelona,,Real Betis Sevilla,,5:0,MS,63',2:0,Linksschuss
1072026,2010,Copa del Rey,Viertelfinale,H,FC Barcelona,,Real Betis Sevilla,,5:0,MS,73',3:0,Linksschuss
1072030,2010,Copa del Rey,Viertelfinale,A,FC Barcelona,,Real Betis Sevilla,,3:1,RA,37',2:1,Linksschuss
1036269,2010,LaLiga,20,H,FC Barcelona,1,Racing Santander,14,3:0,MS,33',2:0,Elfmeter
1074400,2010,Copa del Rey,Halbfinale,H,FC Barcelona,,UD Almería,,5:0,MS,9',1:0,Linksschuss
1074400,2010,Copa del Rey,Halbfinale,H,FC Barcelona,,UD Almería,,5:0,MS,15',3:0,Linksschuss
1036279,2010,LaLiga,21,A,FC Barcelona,1,Hércules Alicante,12,3:0,MS,87',0:2,Linksschuss
1036279,2010,LaLiga,21,A,FC Barcelona,1,Hércules Alicante,12,3:0,MS,89',0:3,Linksschuss
1036283,2010,LaLiga,22,H,FC Barcelona,1,Atlético Madrid,8,3:0,MS,16',1:0,Linksschuss
1036283,2010,LaLiga,22,H,FC Barcelona,1,Atlético Madrid,8,3:0,MS,28',2:0,Linksschuss
1036283,2010,LaLiga,22,H,FC Barcelona,1,Atlético Madrid,8,3:0,MS,78',3:0,Linksschuss
1036310,2010,LaLiga,24,H,FC Barcelona,1,Athletic Bilbao,5,2:1,MS,78',2:1,Rechtsschuss
1036312,2010,LaLiga,25,A,FC Barcelona,1,RCD Mallorca,11,3:0,MS,38',0:1,Kopfball
1036322,2010,LaLiga,26,A,FC Barcelona,1,FC Valencia,3,1:0,MS,77',0:1,Linksschuss
1083668,2010,UEFA Champions League,Achtelfinale,H,FC Barcelona,,FC Arsenal,,3:1,MS,49',1:0,Linksschuss
1083668,2010,UEFA Champions League,Achtelfinale,H,FC Barcelona,,FC Arsenal,,3:1,MS,72',3:1,Elfmeter
1036375,2010,LaLiga,31,H,FC Barcelona,1,UD Almería,20,3:1,MS,52',1:1,Elfmeter
1036375,2010,LaLiga,31,H,FC Barcelona,1,UD Almería,20,3:1,MS,90'+1,3:1,Linksschuss
1088516,2010,UEFA Champions League,Viertelfinale,A,FC Barcelona,,Shakhtar Donetsk,,1:0,MS,42',0:1,Linksschuss
1036385,2010,LaLiga,32,A,FC Barcelona,1,Real Madrid,2,1:1,MS,53',0:1,Elfmeter
1036396,2010,LaLiga,33,H,FC Barcelona,1,CA Osasuna,16,2:0,MS,87',2:0,Rechtsschuss
1093389,2010,UEFA Champions League,Halbfinale,A,FC Barcelona,,Real Madrid,,2:0,MS,76',0:1,Linksschuss
1093389,2010,UEFA Champions League,Halbfinale,A,FC Barcelona,,Real Madrid,,2:0,MS,87',0:2,Sololauf
1102390,2010,UEFA Champions League,Finale,H,FC Barcelona,,Manchester United,,3:1,MS,54',2:1,Linksschuss
1122444,2011,Supercopa,Finale,A,FC Barcelona,,Real Madrid,,2:2,MS,45',1:2,Linksschuss
1122445,2011,Supercopa,Finale,H,FC Barcelona,,Real Madrid,,3:2,MS,44',2:1,Rechtsschuss
1122445,2011,Supercopa,Finale,H,FC Barcelona,,Real Madrid,,3:2,MS,88',3:2,Linksschuss
1142349,2011,UEFA Super Cup,Finale,H,FC Barcelona,,FC Porto,,2:0,MS,39',1:0,Linksschuss
1125235,2011,LaLiga,2,H,FC Barcelona,2,FC Villarreal,5,5:0,MS,51',4:0,Rechtsschuss
1125235,2011,LaLiga,2,H,FC Barcelona,2,FC Villarreal,5,5:0,MS,74',5:0,Linksschuss
1125254,2011,LaLiga,4,H,FC Barcelona,2,CA Osasuna,8,8:0,MS,5',1:0,Linksschuss
1125254,2011,LaLiga,4,H,FC Barcelona,2,CA Osasuna,8,8:0,MS,41',5:0,Linksschuss
1125254,2011,LaLiga,4,H,FC Barcelona,2,CA Osasuna,8,8:0,MS,79',8:0,Linksschuss
1125273,2011,LaLiga,6,H,FC Barcelona,2,Atlético Madrid,4,5:0,MS,26',3:0,Linksschuss
1125273,2011,LaLiga,6,H,FC Barcelona,2,Atlético Madrid,4,5:0,MS,78',4:0,Linksschuss
1125273,2011,LaLiga,6,H,FC Barcelona,2,Atlético Madrid,4,5:0,MS,90'+1,5:0,Linksschuss
1141870,2011,UEFA Champions League,Gruppenphase,A,FC Barcelona,,BATE Borisov,,5:0,MS,38',0:3,Kopfball
1141870,2011,UEFA Champions League,Gruppenphase,A,FC Barcelona,,BATE Borisov,,5:0,MS,56',0:4,Linksschuss
1125295,2011,LaLiga,8,H,FC Barcelona,1,Racing Santander,18,3:0,MS,11',1:0,Rechtsschuss
1125295,2011,LaLiga,8,H,FC Barcelona,1,Racing Santander,18,3:0,MS,69',3:0,Rechtsschuss
1125323,2011,LaLiga,11,H,FC Barcelona,2,RCD Mallorca,11,5:0,MS,13',1:0,Elfmeter
1125323,2011,LaLiga,11,H,FC Barcelona,2,RCD Mallorca,11,5:0,MS,21',2:0,Rechtsschuss
1125323,2011,LaLiga,11,H,FC Barcelona,2,RCD Mallorca,11,5:0,MS,30',3:0,Linksschuss
1141895,2011,UEFA Champions League,Gruppenphase,A,FC Barcelona,,FC Viktoria Pilsen,,4:0,MS,24',0:1,Elfmeter
1141895,2011,UEFA Champions League,Gruppenphase,A,FC Barcelona,,FC Viktoria Pilsen,,4:0,MS,45'+2,0:2,Linksschuss
1141895,2011,UEFA Champions League,Gruppenphase,A,FC Barcelona,,FC Viktoria Pilsen,,4:0,MS,90'+2,0:4,Linksschuss
1125334,2011,LaLiga,12,A,FC Barcelona,2,Athletic Bilbao,11,2:2,MS,90',2:2,Linksschuss
1125344,2011,LaLiga,13,H,FC Barcelona,2,Real Saragossa ,16,4:0,MS,43',2:0,Rechtsschuss
1141924,2011,UEFA Champions League,Gruppenphase,A,FC Barcelona,,AC Mailand,,3:2,MS,31',1:2,Elfmeter
1169025,2011,LaLiga,17,H,FC Barcelona,2,Rayo Vallecano,15,4:0,MS,49',4:0,Linksschuss
1125365,2011,LaLiga,15,H,FC Barcelona,2,UD Levante,4,5:0,MS,55',4:0,Linksschuss
1174208,2011,FIFA Klub-WM,Finale,A,FC Barcelona,,FC Santos,,4:0,RA,17',0:1,Linksschuss
1174208,2011,FIFA Klub-WM,Finale,A,FC Barcelona,,FC Santos,,4:0,RA,82',0:4,Linksschuss
1176708,2011,Copa del Rey,Achtelfinale,H,FC Barcelona,,CA Osasuna,,4:0,MS,71',3:0,Kopfball
1176708,2011,Copa del Rey,Achtelfinale,H,FC Barcelona,,CA Osasuna,,4:0,MS,90',4:0,Linksschuss
1125407,2011,LaLiga,19,H,FC Barcelona,2,Real Betis Sevilla,10,4:2,MS,12',2:0,Rechtsschuss
1125407,2011,LaLiga,19,H,FC Barcelona,2,Real Betis Sevilla,10,4:2,MS,86',4:2,Elfmeter
1125063,2011,LaLiga,1,A,FC Barcelona,2,FC Málaga,4,4:1,MS,32',0:1,Kopfball
1125063,2011,LaLiga,1,A,FC Barcelona,2,FC Málaga,4,4:1,MS,51',0:3,Linksschuss
1125063,2011,LaLiga,1,A,FC Barcelona,2,FC Málaga,4,4:1,MS,77',0:4,Linksschuss
1125434,2011,LaLiga,22,H,FC Barcelona,2,Real Sociedad San Sebastián,14,2:1,MS,72',2:0,Linksschuss
1174224,2011,UEFA Champions League,Achtelfinale,A,FC Barcelona,,Bayer 04 Leverkusen,,3:1,MS,88',1:3,Linksschuss
1125453,2011,LaLiga,24,H,FC Barcelona,2,FC Valencia,3,5:1,MS,21',1:1,Linksschuss
1125453,2011,LaLiga,24,H,FC Barcelona,2,FC Valencia,3,5:1,MS,27',2:1,Abstauber
1125453,2011,LaLiga,24,H,FC Barcelona,2,FC Valencia,3,5:1,MS,75',3:1,Linksschuss
1125453,2011,LaLiga,24,H,FC Barcelona,2,FC Valencia,3,5:1,MS,84',4:1,Linksschuss
1125463,2011,LaLiga,25,A,FC Barcelona,2,Atlético Madrid,6,2:1,MS,79',1:2,Direkter Freistoß
1174225,2011,UEFA Champions League,Achtelfinale,H,FC Barcelona,,Bayer 04 Leverkusen,,7:1,MS,25',1:0,Linksschuss
1174225,2011,UEFA Champions League,Achtelfinale,H,FC Barcelona,,Bayer 04 Leverkusen,,7:1,MS,42',2:0,Linksschuss
1174225,2011,UEFA Champions League,Achtelfinale,H,FC Barcelona,,Bayer 04 Leverkusen,,7:1,MS,50',3:0,Rechtsschuss
1174225,2011,UEFA Champions League,Achtelfinale,H,FC Barcelona,,Bayer 04 Leverkusen,,7:1,MS,58',5:0,Linksschuss
1174225,2011,UEFA Champions League,Achtelfinale,H,FC Barcelona,,Bayer 04 Leverkusen,,7:1,MS,85',7:0,Linksschuss
1125485,2011,LaLiga,27,A,FC Barcelona,2,Racing Santander,18,2:0,MS,29',0:1,Linksschuss
1125485,2011,LaLiga,27,A,FC Barcelona,2,Racing Santander,18,2:0,MS,56',0:2,Elfmeter
1125492,2011,LaLiga,28,A,FC Barcelona,2,FC Sevilla,14,2:0,MS,25',0:2,Linksschuss
1125503,2011,LaLiga,29,H,FC Barcelona,2,FC Granada,14,5:3,MS,16',2:0,Linksschuss
1125503,2011,LaLiga,29,H,FC Barcelona,2,FC Granada,14,5:3,MS,66',3:2,Linksschuss
1125503,2011,LaLiga,29,H,FC Barcelona,2,FC Granada,14,5:3,MS,85',5:2,Linksschuss
1125543,2011,LaLiga,30,A,FC Barcelona,2,RCD Mallorca,9,2:0,MS,25',0:1,Direkter Freistoß
1134009,2011,LaLiga,31,H,FC Barcelona,2,Athletic Bilbao,12,2:0,MS,57',2:0,Elfmeter
1193025,2011,UEFA Champions League,Viertelfinale,H,FC Barcelona,,AC Mailand,,3:1,RA,11',1:0,Elfmeter
1193025,2011,UEFA Champions League,Viertelfinale,H,FC Barcelona,,AC Mailand,,3:1,RA,42',2:1,Elfmeter
1125524,2011,LaLiga,32,A,FC Barcelona,2,Real Saragossa ,18,4:1,MS,39',1:2,Linksschuss
1125524,2011,LaLiga,32,A,FC Barcelona,2,Real Saragossa ,18,4:1,MS,86',1:3,Elfmeter
1125535,2011,LaLiga,33,H,FC Barcelona,2,FC Getafe,7,4:0,MS,44',2:0,Linksschuss
1125555,2011,LaLiga,34,A,FC Barcelona,2,UD Levante,5,2:1,MS,64',1:1,Linksschuss
1125555,2011,LaLiga,34,A,FC Barcelona,2,UD Levante,5,2:1,MS,73',1:2,Elfmeter
1125576,2011,LaLiga,36,A,FC Barcelona,2,Rayo Vallecano,17,7:0,MS,16',0:1,Linksschuss
1125576,2011,LaLiga,36,A,FC Barcelona,2,Rayo Vallecano,17,7:0,MS,88',0:7,Linksschuss
1125414,2011,LaLiga,20,H,FC Barcelona,2,FC Málaga,10,4:1,MS,34',2:1,Elfmeter
1125414,2011,LaLiga,20,H,FC Barcelona,2,FC Málaga,10,4:1,MS,60',3:1,Elfmeter
1125414,2011,LaLiga,20,H,FC Barcelona,2,FC Málaga,10,4:1,MS,63',4:1,Linksschuss
1125587,2011,LaLiga,37,H,FC Barcelona,2,Espanyol Barcelona,13,4:0,MS,11',1:0,Direkter Freistoß
1125587,2011,LaLiga,37,H,FC Barcelona,2,Espanyol Barcelona,13,4:0,MS,63',2:0,Elfmeter
1125587,2011,LaLiga,37,H,FC Barcelona,2,Espanyol Barcelona,13,4:0,MS,73',3:0,Linksschuss
1125587,2011,LaLiga,37,H,FC Barcelona,2,Espanyol Barcelona,13,4:0,MS,78',4:0,Elfmeter
1184511,2011,Copa del Rey,Finale,H,FC Barcelona,,Athletic Bilbao,,3:0,MS,20',2:0,Rechtsschuss
2244378,2012,LaLiga,1,H,FC Barcelona,1,Real Sociedad San Sebastián,4,5:1,MS,11',2:1,Linksschuss
2244378,2012,LaLiga,1,H,FC Barcelona,1,Real Sociedad San Sebastián,4,5:1,MS,16',3:1,Linksschuss
2244388,2012,Supercopa,Finale,H,FC Barcelona,,Real Madrid,,3:2,MS,70',2:1,Elfmeter
2242828,2012,LaLiga,2,A,FC Barcelona,1,CA Osasuna,19,2:1,MS,76',1:1,Linksschuss
2242828,2012,LaLiga,2,A,FC Barcelona,1,CA Osasuna,19,2:1,MS,80',1:2,Linksschuss
2244389,2012,Supercopa,Finale,A,FC Barcelona,,Real Madrid,,2:1,MS,45',2:1,Direkter Freistoß
2242910,2012,LaLiga,4,A,FC Barcelona,1,FC Getafe,9,4:1,MS,74',0:2,Elfmeter
2242910,2012,LaLiga,4,A,FC Barcelona,1,FC Getafe,9,4:1,MS,78',0:3,Linksschuss
2262160,2012,UEFA Champions League,Gruppenphase,H,FC Barcelona,,Spartak Moskau,,3:2,MS,71',2:2,Linksschuss
2262160,2012,UEFA Champions League,Gruppenphase,H,FC Barcelona,,Spartak Moskau,,3:2,MS,80',3:2,Kopfball
2242853,2012,LaLiga,7,H,FC Barcelona,1,Real Madrid,6,2:2,MS,31',1:1,Linksschuss
2242853,2012,LaLiga,7,H,FC Barcelona,1,Real Madrid,6,2:2,MS,60',2:1,Direkter Freistoß
2242855,2012,LaLiga,8,A,FC Barcelona,1,Deportivo La Coruna ,18,5:4,MS,17',0:3,Linksschuss
2242855,2012,LaLiga,8,A,FC Barcelona,1,Deportivo La Coruna ,18,5:4,MS,43',2:4,Linksschuss
2242855,2012,LaLiga,8,A,FC Barcelona,1,Deportivo La Coruna ,18,5:4,MS,76',3:5,Linksschuss
2242894,2012,LaLiga,9,A,FC Barcelona,1,Rayo Vallecano,12,5:0,MS,48',0:2,Linksschuss
2242894,2012,LaLiga,9,A,FC Barcelona,1,Rayo Vallecano,12,5:0,MS,89',0:5,Rechtsschuss
2262207,2012,UEFA Champions League,Gruppenphase,A,FC Barcelona,,Celtic Glasgow,,2:1,MS,90'+1,2:1,Abstauber
2242908,2012,LaLiga,11,A,FC Barcelona,1,RCD Mallorca,13,4:2,MS,43',0:2,Linksschuss
2242908,2012,LaLiga,11,A,FC Barcelona,1,RCD Mallorca,13,4:2,MS,70',2:4,Linksschuss
2243009,2012,LaLiga,12,H,FC Barcelona,1,Real Saragossa ,10,3:1,MS,15',1:0,Linksschuss
2243009,2012,LaLiga,12,H,FC Barcelona,1,Real Saragossa ,10,3:1,MS,60',3:1,Linksschuss
2262211,2012,UEFA Champions League,Gruppenphase,A,FC Barcelona,,Spartak Moskau,,3:0,MS,27',0:2,Rechtsschuss
2262211,2012,UEFA Champions League,Gruppenphase,A,FC Barcelona,,Spartak Moskau,,3:0,MS,39',0:3,Linksschuss
2242996,2012,LaLiga,13,A,FC Barcelona,1,UD Levante,4,4:0,MS,46',0:1,Linksschuss
2242996,2012,LaLiga,13,A,FC Barcelona,1,UD Levante,4,4:0,MS,51',0:2,Linksschuss
2243006,2012,LaLiga,14,H,FC Barcelona,1,Athletic Bilbao,14,5:1,MS,25',2:0,Linksschuss
2243006,2012,LaLiga,14,H,FC Barcelona,1,Athletic Bilbao,14,5:1,MS,70',5:1,Rechtsschuss
2243019,2012,LaLiga,15,A,FC Barcelona,1,Real Betis Sevilla,4,2:1,MS,16',0:1,Linksschuss
2243019,2012,LaLiga,15,A,FC Barcelona,1,Real Betis Sevilla,4,2:1,MS,25',0:2,Linksschuss
2282712,2012,Copa del Rey,Achtelfinale,A,FC Barcelona,,FC Córdoba,,2:0,MS,10',0:1,Linksschuss
2282712,2012,Copa del Rey,Achtelfinale,A,FC Barcelona,,FC Córdoba,,2:0,MS,73',0:2,Linksschuss
2243035,2012,LaLiga,16,H,FC Barcelona,1,Atlético Madrid,2,4:1,MS,58',3:1,Linksschuss
2243035,2012,LaLiga,16,H,FC Barcelona,1,Atlético Madrid,2,4:1,MS,88',4:1,Linksschuss
2243072,2012,LaLiga,17,A,FC Barcelona,1,Real Valladolid,8,3:1,MS,59',0:2,Linksschuss
2243058,2012,LaLiga,18,H,FC Barcelona,1,Espanyol Barcelona,18,4:0,MS,28',4:0,Elfmeter
2243064,2012,LaLiga,19,A,FC Barcelona,1,FC Málaga,4,3:1,MS,26',0:1,Rechtsschuss
2286541,2012,Copa del Rey,Viertelfinale,H,FC Barcelona,,FC Málaga,,2:2,MS,29',1:1,Linksschuss
2243079,2012,LaLiga,20,A,FC Barcelona,1,Real Sociedad San Sebastián,9,3:2,MS,6',0:1,Linksschuss
2286546,2012,Copa del Rey,Viertelfinale,A,FC Barcelona,,FC Málaga,,4:2,MS,79',2:4,Kopfball
2243102,2012,LaLiga,21,H,FC Barcelona,1,CA Osasuna,18,5:1,MS,11',1:0,Rechtsschuss
2243102,2012,LaLiga,21,H,FC Barcelona,1,CA Osasuna,18,5:1,MS,28',2:1,Elfmeter
2243102,2012,LaLiga,21,H,FC Barcelona,1,CA Osasuna,18,5:1,MS,56',4:1,Linksschuss
2243102,2012,LaLiga,21,H,FC Barcelona,1,CA Osasuna,18,5:1,MS,58',5:1,Linksschuss
2243099,2012,LaLiga,22,A,FC Barcelona,1,FC Valencia,8,1:1,MS,39',1:1,Elfmeter
2243114,2012,LaLiga,23,H,FC Barcelona,1,FC Getafe,11,6:1,MS,13',2:0,Linksschuss
2243130,2012,LaLiga,24,A,FC Barcelona,1,FC Granada,15,2:1,MS,49',1:1,Linksschuss
2243130,2012,LaLiga,24,A,FC Barcelona,1,FC Granada,15,2:1,MS,73',1:2,Direkter Freistoß
2243138,2012,LaLiga,25,H,FC Barcelona,1,FC Sevilla,10,2:1,MS,60',2:1,Linksschuss
2243144,2012,LaLiga,26,A,FC Barcelona,1,Real Madrid,3,2:1,MS,18',1:1,Linksschuss
2243163,2012,LaLiga,27,H,FC Barcelona,1,Deportivo La Coruna ,20,2:0,MS,88',2:0,Linksschuss
2284449,2012,UEFA Champions League,Achtelfinale,H,FC Barcelona,,AC Mailand,,4:0,MS,5',1:0,Linksschuss
2284449,2012,UEFA Champions League,Achtelfinale,H,FC Barcelona,,AC Mailand,,4:0,MS,40',2:0,Linksschuss
2243157,2012,LaLiga,28,H,FC Barcelona,1,Rayo Vallecano,8,3:1,MS,40',2:0,Linksschuss
2243157,2012,LaLiga,28,H,FC Barcelona,1,Rayo Vallecano,8,3:1,MS,57',3:0,Linksschuss
2243169,2012,LaLiga,29,A,FC Barcelona,1,Celta Vigo,19,2:2,MS,73',1:2,Linksschuss
2301899,2012,UEFA Champions League,Viertelfinale,A,FC Barcelona,,FC Paris Saint-Germain,,2:2,MS,38',0:1,Linksschuss
2242955,2012,LaLiga,33,A,FC Barcelona,1,Athletic Bilbao,14,2:2,MS,67',1:1,Linksschuss
2242940,2012,LaLiga,34,H,FC Barcelona,1,Real Betis Sevilla,7,4:2,MS,60',3:2,Direkter Freistoß
2242940,2012,LaLiga,34,H,FC Barcelona,1,Real Betis Sevilla,7,4:2,MS,71',4:2,Linksschuss
2346404,2013,LaLiga,1,H,FC Barcelona,2,UD Levante,10,7:0,MS,13',2:0,Linksschuss
2346404,2013,LaLiga,1,H,FC Barcelona,2,UD Levante,10,7:0,MS,42',5:0,Elfmeter
2341067,2013,LaLiga,3,A,FC Barcelona,1,FC Valencia,10,3:2,MS,11',0:1,Linksschuss
2341067,2013,LaLiga,3,A,FC Barcelona,1,FC Valencia,10,3:2,MS,38',0:2,Rechtsschuss
2341067,2013,LaLiga,3,A,FC Barcelona,1,FC Valencia,10,3:2,MS,41',0:3,Linksschuss
2341085,2013,LaLiga,4,H,FC Barcelona,1,FC Sevilla,16,3:2,MS,75',2:0,Linksschuss
2367099,2013,UEFA Champions League,Gruppenphase,H,FC Barcelona,,Ajax Amsterdam,,4:0,MS,22',1:0,Direkter Freistoß
2367099,2013,UEFA Champions League,Gruppenphase,H,FC Barcelona,,Ajax Amsterdam,,4:0,MS,55',2:0,Linksschuss
2367099,2013,UEFA Champions League,Gruppenphase,H,FC Barcelona,,Ajax Amsterdam,,4:0,MS,75',4:0,Linksschuss
2341202,2013,LaLiga,6,H,FC Barcelona,1,Real Sociedad San Sebastián,7,4:1,MS,8',2:0,Kopfball
2341166,2013,LaLiga,7,A,FC Barcelona,1,UD Almería,19,2:0,MS,21',0:1,Linksschuss
2368437,2013,UEFA Champions League,Gruppenphase,A,FC Barcelona,,AC Mailand,,1:1,MS,23',1:1,Linksschuss
2368459,2013,UEFA Champions League,Gruppenphase,H,FC Barcelona,,AC Mailand,,3:1,MS,30',1:0,Elfmeter
2368459,2013,UEFA Champions League,Gruppenphase,H,FC Barcelona,,AC Mailand,,3:1,MS,83',3:1,Linksschuss
2388764,2013,Copa del Rey,Achtelfinale,H,FC Barcelona,,FC Getafe,,4:0,MS,90',3:0,Linksschuss
2388764,2013,Copa del Rey,Achtelfinale,H,FC Barcelona,,FC Getafe,,4:0,MS,90'+2,4:0,Linksschuss
2396431,2013,Copa del Rey,Achtelfinale,A,FC Barcelona,,FC Getafe,,2:0,MS,43',0:1,Rechtsschuss
2396431,2013,Copa del Rey,Achtelfinale,A,FC Barcelona,,FC Getafe,,2:0,MS,63',0:2,Linksschuss
2341025,2013,LaLiga,22,H,FC Barcelona,1,FC Valencia,10,2:3,MS,54',2:2,Elfmeter
2341013,2013,LaLiga,23,A,FC Barcelona,2,FC Sevilla,7,4:1,MS,44',1:2,Linksschuss
2341013,2013,LaLiga,23,A,FC Barcelona,2,FC Sevilla,7,4:1,MS,56',1:3,Linksschuss
2423574,2013,Copa del Rey,Halbfinale,A,FC Barcelona,,Real Sociedad San Sebastián,,1:1,MS,27',0:1,Sololauf
2341117,2013,LaLiga,24,H,FC Barcelona,1,Rayo Vallecano,19,6:0,MS,36',2:0,Linksschuss
2341117,2013,LaLiga,24,H,FC Barcelona,1,Rayo Vallecano,19,6:0,MS,68',5:0,Linksschuss
2385037,2013,UEFA Champions League,Achtelfinale,A,FC Barcelona,,Manchester City,,2:0,MS,54',0:1,Elfmeter
2341108,2013,LaLiga,25,A,FC Barcelona,1,Real Sociedad San Sebastián,6,3:1,MS,36',1:1,Linksschuss
2341119,2013,LaLiga,26,H,FC Barcelona,2,UD Almería,15,4:1,MS,24',2:0,Direkter Freistoß
2385045,2013,UEFA Champions League,Achtelfinale,H,FC Barcelona,,Manchester City,,2:1,MS,67',1:0,Linksschuss
2341342,2013,LaLiga,28,H,FC Barcelona,3,CA Osasuna,13,7:0,MS,18',1:0,Linksschuss
2341342,2013,LaLiga,28,H,FC Barcelona,3,CA Osasuna,13,7:0,MS,63',4:0,Linksschuss
2341342,2013,LaLiga,28,H,FC Barcelona,3,CA Osasuna,13,7:0,MS,88',6:0,Rechtsschuss
2341314,2013,LaLiga,29,A,FC Barcelona,3,Real Madrid,1,4:3,MS,42',2:2,Linksschuss
2341314,2013,LaLiga,29,A,FC Barcelona,3,Real Madrid,1,4:3,MS,65',3:3,Elfmeter
2341314,2013,LaLiga,29,A,FC Barcelona,3,Real Madrid,1,4:3,MS,84',3:4,Elfmeter
2341270,2013,LaLiga,30,H,FC Barcelona,3,Celta Vigo,12,3:0,MS,30',2:0,Rechtsschuss
2341330,2013,LaLiga,31,A,FC Barcelona,2,Espanyol Barcelona,8,1:0,MS,77',0:1,Elfmeter
2341281,2013,LaLiga,32,H,FC Barcelona,2,Real Betis Sevilla,20,3:1,MS,15',1:0,Elfmeter
2341281,2013,LaLiga,32,H,FC Barcelona,2,Real Betis Sevilla,20,3:1,MS,86',3:1,Elfmeternachschuss
2341368,2013,LaLiga,34,H,FC Barcelona,3,Athletic Bilbao,4,2:1,MS,74',2:1,Direkter Freistoß
2341360,2013,LaLiga,35,A,FC Barcelona,2,FC Villarreal,7,3:2,MS,83',2:3,Rechtsschuss
2341370,2013,LaLiga,36,H,FC Barcelona,2,FC Getafe,16,2:2,MS,23',1:0,Linksschuss
2475184,2014,LaLiga,1,H,FC Barcelona,1,FC Elche,13,3:0,MS,42',1:0,Linksschuss
2475184,2014,LaLiga,1,H,FC Barcelona,1,FC Elche,13,3:0,MS,64',3:0,Linksschuss
2475219,2014,LaLiga,4,A,FC Barcelona,1,UD Levante,19,5:0,MS,77',0:5,Rechtsschuss
2475239,2014,LaLiga,6,H,FC Barcelona,3,FC Granada,8,6:0,MS,62',4:0,Kopfball
2475239,2014,LaLiga,6,H,FC Barcelona,3,FC Granada,8,6:0,MS,82',6:0,Rechtsschuss
2495296,2014,UEFA Champions League,Gruppenphase,A,FC Barcelona,,FC Paris Saint-Germain,,3:2,RA,12',1:1,Linksschuss
2475248,2014,LaLiga,7,A,FC Barcelona,1,Rayo Vallecano,10,2:0,MS,35',0:1,Linksschuss
2475258,2014,LaLiga,8,H,FC Barcelona,1,SD Eibar,10,3:0,MS,74',3:0,Linksschuss
2495313,2014,UEFA Champions League,Gruppenphase,H,FC Barcelona,,Ajax Amsterdam,,3:1,MS,24',2:0,Linksschuss
2495336,2014,UEFA Champions League,Gruppenphase,A,FC Barcelona,,Ajax Amsterdam,,2:0,RA,36',0:1,Kopfball
2495336,2014,UEFA Champions League,Gruppenphase,A,FC Barcelona,,Ajax Amsterdam,,2:0,RA,76',0:2,Linksschuss
2475296,2014,LaLiga,12,H,FC Barcelona,2,FC Sevilla,5,5:1,RA,21',1:0,Direkter Freistoß
2475296,2014,LaLiga,12,H,FC Barcelona,2,FC Sevilla,5,5:1,RA,73',4:1,Abstauber
2475296,2014,LaLiga,12,H,FC Barcelona,2,FC Sevilla,5,5:1,RA,78',5:1,Linksschuss
2495345,2014,UEFA Champions League,Gruppenphase,A,FC Barcelona,,APOEL Nikosia,,4:0,MS,38',0:2,Rechtsschuss
2495345,2014,UEFA Champions League,Gruppenphase,A,FC Barcelona,,APOEL Nikosia,,4:0,MS,58',0:3,Rechtsschuss
2495345,2014,UEFA Champions League,Gruppenphase,A,FC Barcelona,,APOEL Nikosia,,4:0,MS,87',0:4,Rechtsschuss
2475315,2014,LaLiga,14,H,FC Barcelona,2,Espanyol Barcelona,12,5:1,RA,45'+1,1:1,Linksschuss
2475315,2014,LaLiga,14,H,FC Barcelona,2,Espanyol Barcelona,12,5:1,RA,50',2:1,Rechtsschuss
2475315,2014,LaLiga,14,H,FC Barcelona,2,Espanyol Barcelona,12,5:1,RA,81',5:1,Rechtsschuss
2495368,2014,UEFA Champions League,Gruppenphase,H,FC Barcelona,,FC Paris Saint-Germain,,3:1,OM,19',1:1,Rechtsschuss
2475334,2014,LaLiga,16,H,FC Barcelona,2,FC Córdoba,18,5:0,RA,82',4:0,Rechtsschuss
2475334,2014,LaLiga,16,H,FC Barcelona,2,FC Córdoba,18,5:0,RA,90',5:0,Rechtsschuss
2518529,2014,Copa del Rey,Achtelfinale,H,FC Barcelona,,FC Elche,,5:0,RA,45',3:0,Elfmeter
2475353,2014,LaLiga,18,H,FC Barcelona,2,Atlético Madrid,3,3:1,RA,87',3:1,Linksschuss
2475362,2014,LaLiga,19,A,FC Barcelona,2,Deportivo La Coruna ,16,4:0,RA,11',0:1,Kopfball
2475362,2014,LaLiga,19,A,FC Barcelona,2,Deportivo La Coruna ,16,4:0,RA,33',0:2,Linksschuss
2475362,2014,LaLiga,19,A,FC Barcelona,2,Deportivo La Coruna ,16,4:0,RA,62',0:3,Linksschuss
2528139,2014,Copa del Rey,Viertelfinale,H,FC Barcelona,,Atlético Madrid,,1:0,RA,85',1:0,Elfmeternachschuss
2475374,2014,LaLiga,20,A,FC Barcelona,2,FC Elche,17,6:0,MS,55',0:2,Elfmeter
2475374,2014,LaLiga,20,A,FC Barcelona,2,FC Elche,17,6:0,MS,88',0:5,Linksschuss
2475388,2014,LaLiga,21,H,FC Barcelona,2,FC Villarreal,6,3:2,RA,55',3:2,Rechtsschuss
2475398,2014,LaLiga,22,A,FC Barcelona,2,Athletic Bilbao,12,5:2,RA,15',0:1,Direkter Freistoß
2532386,2014,Copa del Rey,Halbfinale,H,FC Barcelona,,FC Villarreal,,3:1,RA,41',1:0,Linksschuss
2475409,2014,LaLiga,23,H,FC Barcelona,2,UD Levante,17,5:0,MS,38',2:0,Rechtsschuss
2475409,2014,LaLiga,23,H,FC Barcelona,2,UD Levante,17,5:0,MS,59',3:0,Rechtsschuss
2475409,2014,LaLiga,23,H,FC Barcelona,2,UD Levante,17,5:0,MS,65',4:0,Elfmeter
2475429,2014,LaLiga,25,A,FC Barcelona,2,FC Granada,19,3:1,RA,70',1:3,Rechtsschuss
2475438,2014,LaLiga,26,H,FC Barcelona,2,Rayo Vallecano,11,6:1,RA,56',3:0,Elfmeter
2475438,2014,LaLiga,26,H,FC Barcelona,2,Rayo Vallecano,11,6:1,RA,63',4:0,Abstauber
2475438,2014,LaLiga,26,H,FC Barcelona,2,Rayo Vallecano,11,6:1,RA,68',5:0,Linksschuss
2475448,2014,LaLiga,27,A,FC Barcelona,1,SD Eibar,14,2:0,RA,31',0:1,Elfmeter
2475448,2014,LaLiga,27,A,FC Barcelona,1,SD Eibar,14,2:0,RA,55',0:2,Kopfball
2475476,2014,LaLiga,30,H,FC Barcelona,1,UD Almería,19,4:0,RA,33',1:0,Linksschuss
2475486,2014,LaLiga,31,A,FC Barcelona,1,FC Sevilla,5,2:2,RA,15',0:1,Linksschuss
2475495,2014,LaLiga,32,H,FC Barcelona,1,FC Valencia,4,2:0,RA,90'+4,2:0,Linksschuss
2475505,2014,LaLiga,33,A,FC Barcelona,1,Espanyol Barcelona,9,2:0,RA,25',0:2,Linksschuss
2475514,2014,LaLiga,34,H,FC Barcelona,1,FC Getafe,13,6:0,RA,9',1:0,Elfmeter
2475514,2014,LaLiga,34,H,FC Barcelona,1,FC Getafe,13,6:0,RA,47',6:0,Linksschuss
2475524,2014,LaLiga,35,A,FC Barcelona,1,FC Córdoba,20,8:0,RA,47',0:3,Kopfball
2475524,2014,LaLiga,35,A,FC Barcelona,1,FC Córdoba,20,8:0,RA,80',0:6,Linksschuss
2560716,2014,UEFA Champions League,Halbfinale,H,FC Barcelona,,FC Bayern München,,3:0,RA,77',1:0,Linksschuss
2560716,2014,UEFA Champions League,Halbfinale,H,FC Barcelona,,FC Bayern München,,3:0,RA,80',2:0,Rechtsschuss
2475543,2014,LaLiga,37,A,FC Barcelona,1,Atlético Madrid,3,1:0,RA,65',0:1,Linksschuss
2475552,2014,LaLiga,38,H,FC Barcelona,1,Deportivo La Coruna ,17,2:2,RA,5',1:0,Kopfball
2475552,2014,LaLiga,38,H,FC Barcelona,1,Deportivo La Coruna ,17,2:2,RA,59',2:0,Rechtsschuss
2543981,2014,Copa del Rey,Finale,A,FC Barcelona,,Athletic Bilbao,,3:1,RA,20',0:1,Sololauf
2543981,2014,Copa del Rey,Finale,A,FC Barcelona,,Athletic Bilbao,,3:1,RA,74',0:3,Linksschuss
2611042,2015,UEFA Super Cup,Finale,H,FC Barcelona,,FC Sevilla,,5:4  n.V.,RA,7',1:1,Direkter Freistoß
2611042,2015,UEFA Super Cup,Finale,H,FC Barcelona,,FC Sevilla,,5:4  n.V.,RA,16',2:1,Direkter Freistoß
2613603,2015,Supercopa,Finale,H,FC Barcelona,,Athletic Bilbao,,1:1,RA,43',1:0,Linksschuss
2594493,2015,LaLiga,3,A,FC Barcelona,4,Atlético Madrid,3,2:1,RA,77',1:2,Linksschuss
2594503,2015,LaLiga,4,H,FC Barcelona,1,UD Levante,13,4:1,HS,61',3:0,Elfmeter
2594503,2015,LaLiga,4,H,FC Barcelona,1,UD Levante,13,4:1,HS,90',4:1,Linksschuss
2618619,2015,UEFA Champions League,Gruppenphase,H,FC Barcelona,,AS Rom,,6:1,RA,18',2:0,Linksschuss
2618619,2015,UEFA Champions League,Gruppenphase,H,FC Barcelona,,AS Rom,,6:1,RA,60',5:0,Abstauber
2594593,2015,LaLiga,13,H,FC Barcelona,1,Real Sociedad San Sebastián,14,4:0,RA,90'+1,4:0,Linksschuss
2618634,2015,UEFA Champions League,Gruppenphase,A,FC Barcelona,,Bayer 04 Leverkusen,,1:1,RA,20',0:1,Rechtsschuss
2594614,2015,LaLiga,15,H,FC Barcelona,1,Deportivo La Coruna ,6,2:2,RA,39',1:0,Direkter Freistoß
2646884,2015,FIFA Klub-WM,Finale,A,FC Barcelona,,CA River Plate,,3:0,RA,36',0:1,Linksschuss
2594635,2015,LaLiga,17,H,FC Barcelona,1,Real Betis Sevilla,12,4:0,RA,33',2:0,Rechtsschuss
2647652,2015,Copa del Rey,Achtelfinale,H,FC Barcelona,,Espanyol Barcelona,,4:1,RA,13',1:1,Linksschuss
2647652,2015,Copa del Rey,Achtelfinale,H,FC Barcelona,,Espanyol Barcelona,,4:1,RA,44',2:1,Direkter Freistoß
2594656,2015,LaLiga,19,H,FC Barcelona,1,FC Granada,17,4:0,RA,8',1:0,Linksschuss
2594656,2015,LaLiga,19,H,FC Barcelona,1,FC Granada,17,4:0,RA,14',2:0,Linksschuss
2594656,2015,LaLiga,19,H,FC Barcelona,1,FC Granada,17,4:0,RA,58',3:0,Abstauber
2594661,2015,LaLiga,20,H,FC Barcelona,1,Athletic Bilbao,8,6:0,RA,7',1:0,Elfmeter
2594674,2015,LaLiga,21,A,FC Barcelona,1,FC Málaga,12,2:1,RA,51',1:2,Linksschuss
2594683,2015,LaLiga,22,H,FC Barcelona,1,Atlético Madrid,2,2:1,RA,30',1:1,Linksschuss
2658836,2015,Copa del Rey,Halbfinale,H,FC Barcelona,,FC Valencia,,7:0,RA,29',3:0,Linksschuss
2658836,2015,Copa del Rey,Halbfinale,H,FC Barcelona,,FC Valencia,,7:0,RA,59',4:0,Linksschuss
2658836,2015,Copa del Rey,Halbfinale,H,FC Barcelona,,FC Valencia,,7:0,RA,74',5:0,Linksschuss
2594702,2015,LaLiga,24,H,FC Barcelona,1,Celta Vigo,7,6:1,RA,28',1:0,Direkter Freistoß
2594625,2015,LaLiga,16,A,FC Barcelona,1,Sporting Gijón,15,3:1,RA,25',0:1,Linksschuss
2594625,2015,LaLiga,16,A,FC Barcelona,1,Sporting Gijón,15,3:1,RA,31',1:2,Linksschuss
2645809,2015,UEFA Champions League,Achtelfinale,A,FC Barcelona,,FC Arsenal,,2:0,RA,71',0:1,Linksschuss
2645809,2015,UEFA Champions League,Achtelfinale,A,FC Barcelona,,FC Arsenal,,2:0,RA,83',0:2,Elfmeter
2594721,2015,LaLiga,26,H,FC Barcelona,1,FC Sevilla,5,2:1,RA,31',1:1,Direkter Freistoß
2594731,2015,LaLiga,27,A,FC Barcelona,1,Rayo Vallecano,16,5:1,RA,23',0:2,Linksschuss
2594731,2015,LaLiga,27,A,FC Barcelona,1,Rayo Vallecano,16,5:1,RA,53',0:3,Linksschuss
2594731,2015,LaLiga,27,A,FC Barcelona,1,Rayo Vallecano,16,5:1,RA,72',1:4,Linksschuss
2594741,2015,LaLiga,28,A,FC Barcelona,1,SD Eibar,8,4:0,RA,42',0:2,Linksschuss
2594741,2015,LaLiga,28,A,FC Barcelona,1,SD Eibar,8,4:0,RA,76',0:3,Elfmeter
2594752,2015,LaLiga,29,H,FC Barcelona,1,FC Getafe,16,6:0,MS,41',4:0,Linksschuss
2645817,2015,UEFA Champions League,Achtelfinale,H,FC Barcelona,,FC Arsenal,,3:1,RA,86',3:1,Linksschuss
2594794,2015,LaLiga,33,H,FC Barcelona,1,FC Valencia,14,1:2,RA,63',1:2,Linksschuss
2594804,2015,LaLiga,34,A,FC Barcelona,1,Deportivo La Coruna ,13,8:0,RA,73',0:6,Linksschuss
2594815,2015,LaLiga,35,H,FC Barcelona,1,Sporting Gijón,18,6:0,RA,13',1:0,Kopfball
2594836,2015,LaLiga,37,H,FC Barcelona,1,Espanyol Barcelona,14,5:0,RA,8',1:0,Direkter Freistoß
2717501,2016,Supercopa,Finale,H,FC Barcelona,,FC Sevilla,,3:0,RA,55',3:0,Kopfball
2718711,2016,LaLiga,1,H,FC Barcelona,2,Real Betis Sevilla,15,6:2,RA,37',2:1,Linksschuss
2718711,2016,LaLiga,1,H,FC Barcelona,2,Real Betis Sevilla,15,6:2,RA,58',5:1,Linksschuss
2754181,2016,UEFA Champions League,Gruppenphase,H,FC Barcelona,,Celtic Glasgow,,7:0,RA,3',1:0,Linksschuss
2754181,2016,UEFA Champions League,Gruppenphase,H,FC Barcelona,,Celtic Glasgow,,7:0,RA,27',2:0,Linksschuss
2754181,2016,UEFA Champions League,Gruppenphase,H,FC Barcelona,,Celtic Glasgow,,7:0,RA,60',5:0,Linksschuss
2718746,2016,LaLiga,4,A,FC Barcelona,5,CD Leganés,11,5:1,RA,15',0:1,Linksschuss
2718746,2016,LaLiga,4,A,FC Barcelona,5,CD Leganés,11,5:1,RA,55',0:4,Elfmeter
2718787,2016,LaLiga,8,H,FC Barcelona,4,Deportivo La Coruna ,13,4:0,RA,58',4:0,Linksschuss
2754919,2016,UEFA Champions League,Gruppenphase,H,FC Barcelona,,Manchester City,,4:0,RA,17',1:0,Linksschuss
2754919,2016,UEFA Champions League,Gruppenphase,H,FC Barcelona,,Manchester City,,4:0,RA,61',2:0,Linksschuss
2754919,2016,UEFA Champions League,Gruppenphase,H,FC Barcelona,,Manchester City,,4:0,RA,69',3:0,Linksschuss
2718796,2016,LaLiga,9,A,FC Barcelona,4,FC Valencia,14,3:2,RA,22',0:1,Linksschuss
2718796,2016,LaLiga,9,A,FC Barcelona,4,FC Valencia,14,3:2,RA,90'+4,2:3,Elfmeter
2755694,2016,UEFA Champions League,Gruppenphase,A,FC Barcelona,,Manchester City,,3:1,RA,21',0:1,Linksschuss
2718815,2016,LaLiga,11,A,FC Barcelona,2,FC Sevilla,4,2:1,RA,43',1:1,Linksschuss
2755717,2016,UEFA Champions League,Gruppenphase,A,FC Barcelona,,Celtic Glasgow,,2:0,RA,24',0:1,Linksschuss
2755717,2016,UEFA Champions League,Gruppenphase,A,FC Barcelona,,Celtic Glasgow,,2:0,RA,55',0:2,Elfmeter
2718834,2016,LaLiga,13,A,FC Barcelona,2,Real Sociedad San Sebastián,5,1:1,RA,59',1:1,Linksschuss
2755732,2016,UEFA Champions League,Gruppenphase,H,FC Barcelona,,Borussia Mönchengladbach,,4:0,RA,16',1:0,Linksschuss
2718853,2016,LaLiga,15,A,FC Barcelona,2,CA Osasuna,20,3:0,RA,72',0:2,Linksschuss
2718853,2016,LaLiga,15,A,FC Barcelona,2,CA Osasuna,20,3:0,RA,90'+2,0:3,Linksschuss
2718863,2016,LaLiga,16,H,FC Barcelona,2,Espanyol Barcelona,9,4:1,RA,90',4:1,Linksschuss
2810018,2016,Copa del Rey,Achtelfinale,A,FC Barcelona,,Athletic Bilbao,,2:1,RA,52',2:1,Direkter Freistoß
2718872,2016,LaLiga,17,A,FC Barcelona,2,FC Villarreal,4,1:1,RA,90',1:1,Direkter Freistoß
2810026,2016,Copa del Rey,Achtelfinale,H,FC Barcelona,,Athletic Bilbao,,3:1,RA,78',3:1,Direkter Freistoß
2718882,2016,LaLiga,18,H,FC Barcelona,3,UD Las Palmas,8,5:0,RA,52',2:0,Rechtsschuss
2718891,2016,LaLiga,19,A,FC Barcelona,3,SD Eibar,9,4:0,RA,50',0:2,Linksschuss
2814842,2016,Copa del Rey,Viertelfinale,H,FC Barcelona,,Real Sociedad San Sebastián,,5:2,RA,55',2:0,Elfmeter
2818307,2016,Copa del Rey,Halbfinale,A,FC Barcelona,,Atlético Madrid,,2:1,RA,33',0:2,Linksschuss
2718915,2016,LaLiga,21,H,FC Barcelona,2,Athletic Bilbao,7,3:0,RA,40',2:0,Direkter Freistoß
2718925,2016,LaLiga,22,A,FC Barcelona,2,Deportivo Alavés,12,6:0,RA,59',0:3,Linksschuss
2718936,2016,LaLiga,23,H,FC Barcelona,2,CD Leganés,17,2:1,RA,4',1:0,Rechtsschuss
2718936,2016,LaLiga,23,H,FC Barcelona,2,CD Leganés,17,2:1,RA,90',2:1,Elfmeter
2718946,2016,LaLiga,24,A,FC Barcelona,2,Atlético Madrid,4,2:1,RA,86',1:2,Linksschuss
2718957,2016,LaLiga,25,H,FC Barcelona,2,Sporting Gijón,18,6:1,RA,9',1:0,Kopfball
2718967,2016,LaLiga,26,H,FC Barcelona,2,Celta Vigo,10,5:0,OM,24',1:0,Linksschuss
2718967,2016,LaLiga,26,H,FC Barcelona,2,Celta Vigo,10,5:0,OM,64',5:0,Linksschuss
2805651,2016,UEFA Champions League,Achtelfinale,H,FC Barcelona,,FC Paris Saint-Germain,,6:1,OM,50',3:0,Elfmeter
2718986,2016,LaLiga,28,H,FC Barcelona,2,FC Valencia,13,4:2,OM,45',2:1,Elfmeter
2718986,2016,LaLiga,28,H,FC Barcelona,2,FC Valencia,13,4:2,OM,53',3:2,Rechtsschuss
2719005,2016,LaLiga,30,H,FC Barcelona,2,FC Sevilla,4,3:0,RA,28',2:0,Rechtsschuss
2719005,2016,LaLiga,30,H,FC Barcelona,2,FC Sevilla,4,3:0,RA,33',3:0,Linksschuss
2719024,2016,LaLiga,32,H,FC Barcelona,2,Real Sociedad San Sebastián,6,3:2,RA,17',1:0,Linksschuss
2719024,2016,LaLiga,32,H,FC Barcelona,2,Real Sociedad San Sebastián,6,3:2,RA,37',2:0,Abstauber
2719034,2016,LaLiga,33,A,FC Barcelona,2,Real Madrid,1,3:2,RA,33',1:1,Linksschuss
2719034,2016,LaLiga,33,A,FC Barcelona,2,Real Madrid,1,3:2,RA,90'+2,2:3,Linksschuss
2719043,2016,LaLiga,34,H,FC Barcelona,2,CA Osasuna,20,7:1,OM,12',1:0,Linksschuss
2719043,2016,LaLiga,34,H,FC Barcelona,2,CA Osasuna,20,7:1,OM,61',4:1,Linksschuss
2719062,2016,LaLiga,36,H,FC Barcelona,2,FC Villarreal,5,4:1,RA,45',2:1,Linksschuss
2719062,2016,LaLiga,36,H,FC Barcelona,2,FC Villarreal,5,4:1,RA,82',4:1,Elfmeter
2719081,2016,LaLiga,38,H,FC Barcelona,2,SD Eibar,8,4:2,RA,75',3:2,Elfmeter
2719081,2016,LaLiga,38,H,FC Barcelona,2,SD Eibar,8,4:2,RA,90'+2,4:2,Rechtsschuss
2823374,2016,Copa del Rey,Finale,H,FC Barcelona,,Deportivo Alavés,,3:1,RA,30',1:0,Linksschuss
2878318,2017,Supercopa,Finale,H,FC Barcelona,,Real Madrid,,1:3,RA,77',1:1,Elfmeter
2899930,2017,LaLiga,2,A,FC Barcelona,2,Deportivo Alavés,16,2:0,MS,55',0:1,Linksschuss
2899930,2017,LaLiga,2,A,FC Barcelona,2,Deportivo Alavés,16,2:0,MS,66',0:2,Linksschuss
2899570,2017,LaLiga,3,H,FC Barcelona,2,Espanyol Barcelona,13,5:0,MS,26',1:0,Linksschuss
2899570,2017,LaLiga,3,H,FC Barcelona,2,Espanyol Barcelona,13,5:0,MS,35',2:0,Rechtsschuss
2899570,2017,LaLiga,3,H,FC Barcelona,2,Espanyol Barcelona,13,5:0,MS,67',3:0,Linksschuss
2917363,2017,UEFA Champions League,Gruppenphase,H,FC Barcelona,,Juventus Turin,,3:0,MS,45',1:0,Linksschuss
2917363,2017,UEFA Champions League,Gruppenphase,H,FC Barcelona,,Juventus Turin,,3:0,MS,69',3:0,Linksschuss
2899594,2017,LaLiga,5,H,FC Barcelona,1,SD Eibar,10,6:1,MS,21',1:0,Elfmeter
2899594,2017,LaLiga,5,H,FC Barcelona,1,SD Eibar,10,6:1,MS,59',4:1,Linksschuss
2899594,2017,LaLiga,5,H,FC Barcelona,1,SD Eibar,10,6:1,MS,62',5:1,Linksschuss
2899594,2017,LaLiga,5,H,FC Barcelona,1,SD Eibar,10,6:1,MS,87',6:1,Linksschuss
2899620,2017,LaLiga,7,H,FC Barcelona,1,UD Las Palmas,15,3:0,HS,70',2:0,Linksschuss
2899620,2017,LaLiga,7,H,FC Barcelona,1,UD Las Palmas,15,3:0,HS,77',3:0,Linksschuss
2917396,2017,UEFA Champions League,Gruppenphase,H,FC Barcelona,,Olympiakos Piräus,,3:1,MS,61',2:0,Direkter Freistoß
2899649,2017,LaLiga,10,A,FC Barcelona,1,Athletic Bilbao,11,2:0,HS,37',0:1,Linksschuss
2899684,2017,LaLiga,14,H,FC Barcelona,1,Celta Vigo,9,2:2,HS,22',1:1,Linksschuss
2899695,2017,LaLiga,15,A,FC Barcelona,1,FC Villarreal,6,2:0,RA,83',0:2,Linksschuss
2899698,2017,LaLiga,17,A,FC Barcelona,1,Real Madrid,3,3:0,HS,64',0:2,Elfmeter
2899719,2017,LaLiga,18,H,FC Barcelona,1,UD Levante,16,3:0,HS,12',1:0,Linksschuss
2978841,2017,Copa del Rey,Achtelfinale,H,FC Barcelona,,Celta Vigo,,5:0,HS,13',1:0,Linksschuss
2978841,2017,Copa del Rey,Achtelfinale,H,FC Barcelona,,Celta Vigo,,5:0,HS,15',2:0,Linksschuss
2899736,2017,LaLiga,19,A,FC Barcelona,1,Real Sociedad San Sebastián,14,4:2,HS,85',2:4,Direkter Freistoß
2899738,2017,LaLiga,20,A,FC Barcelona,1,Real Betis Sevilla,8,5:0,HS,64',0:2,Linksschuss
2899738,2017,LaLiga,20,A,FC Barcelona,1,Real Betis Sevilla,8,5:0,HS,80',0:4,Linksschuss
2989790,2017,Copa del Rey,Viertelfinale,H,FC Barcelona,,Espanyol Barcelona,,2:0,HS,25',2:0,abgefälschter Torschuss
2899747,2017,LaLiga,21,H,FC Barcelona,1,Deportivo Alavés,16,2:1,HS,84',2:1,Direkter Freistoß
2981999,2017,UEFA Champions League,Achtelfinale,A,FC Barcelona,,FC Chelsea,,1:1,HS,75',1:1,Linksschuss
2899805,2017,LaLiga,25,H,FC Barcelona,1,FC Girona,8,6:1,HS,30',2:1,Linksschuss
2899805,2017,LaLiga,25,H,FC Barcelona,1,FC Girona,8,6:1,HS,36',3:1,Direkter Freistoß
2899803,2017,LaLiga,26,A,FC Barcelona,1,UD Las Palmas,18,1:1,HS,21',0:1,Direkter Freistoß
2899819,2017,LaLiga,27,H,FC Barcelona,1,Atlético Madrid,2,1:0,HS,26',1:0,Direkter Freistoß
2982007,2017,UEFA Champions League,Achtelfinale,H,FC Barcelona,,FC Chelsea,,3:0,HS,3',1:0,Rechtsschuss
2982007,2017,UEFA Champions League,Achtelfinale,H,FC Barcelona,,FC Chelsea,,3:0,HS,63',3:0,Linksschuss
2899826,2017,LaLiga,29,H,FC Barcelona,1,Athletic Bilbao,12,2:0,HS,30',2:0,Linksschuss
2899845,2017,LaLiga,30,A,FC Barcelona,1,FC Sevilla,6,2:2,RA,89',2:2,Linksschuss
2899853,2017,LaLiga,31,H,FC Barcelona,1,CD Leganés,12,3:1,HS,27',1:0,Direkter Freistoß
2899853,2017,LaLiga,31,H,FC Barcelona,1,CD Leganés,12,3:1,HS,32',2:0,Linksschuss
2899853,2017,LaLiga,31,H,FC Barcelona,1,CD Leganés,12,3:1,HS,87',3:1,Linksschuss
3000614,2017,Copa del Rey,Finale,A,FC Barcelona,,FC Sevilla,,5:0,HS,31',0:2,Linksschuss
2899867,2017,LaLiga,35,A,FC Barcelona,1,Deportivo La Coruna ,18,4:2,HS,38',0:2,Linksschuss
2899867,2017,LaLiga,35,A,FC Barcelona,1,Deportivo La Coruna ,18,4:2,HS,82',2:3,Rechtsschuss
2899867,2017,LaLiga,35,A,FC Barcelona,1,Deportivo La Coruna ,18,4:2,HS,85',2:4,Linksschuss
2899869,2017,LaLiga,36,H,FC Barcelona,1,Real Madrid,3,2:2,HS,52',2:1,Linksschuss
2899862,2017,LaLiga,34,H,FC Barcelona,1,FC Villarreal,6,5:1,MS,45',3:0,Linksschuss
3079309,2018,LaLiga,1,H,FC Barcelona,1,Deportivo Alavés,11,3:0,RA,64',1:0,Direkter Freistoß
3079309,2018,LaLiga,1,H,FC Barcelona,1,Deportivo Alavés,11,3:0,RA,90'+2,3:0,Linksschuss
3079324,2018,LaLiga,3,H,FC Barcelona,2,SD Huesca ,5,8:2,RA,16',1:1,Rechtsschuss
3079324,2018,LaLiga,3,H,FC Barcelona,2,SD Huesca ,5,8:2,RA,61',6:2,Linksschuss
3097957,2018,UEFA Champions League,Gruppenphase,H,FC Barcelona,,PSV Eindhoven,,4:0,RA,31',1:0,Direkter Freistoß
3097957,2018,UEFA Champions League,Gruppenphase,H,FC Barcelona,,PSV Eindhoven,,4:0,RA,77',3:0,Linksschuss
3097957,2018,UEFA Champions League,Gruppenphase,H,FC Barcelona,,PSV Eindhoven,,4:0,RA,87',4:0,Rechtsschuss
3079380,2018,LaLiga,5,H,FC Barcelona,1,FC Girona,3,2:2,RA,19',1:0,Linksschuss
3097981,2018,UEFA Champions League,Gruppenphase,A,FC Barcelona,,Tottenham Hotspur,,4:2,RA,56',1:3,Linksschuss
3097981,2018,UEFA Champions League,Gruppenphase,A,FC Barcelona,,Tottenham Hotspur,,4:2,RA,90',2:4,Linksschuss
3079416,2018,LaLiga,8,A,FC Barcelona,1,FC Valencia,13,1:1,RA,23',1:1,Linksschuss
3079421,2018,LaLiga,9,H,FC Barcelona,2,FC Sevilla,1,4:2,RA,12',2:0,Linksschuss
3079452,2018,LaLiga,12,H,FC Barcelona,1,Real Betis Sevilla,14,3:4,HS,68',1:2,Elfmeter
3079452,2018,LaLiga,12,H,FC Barcelona,1,Real Betis Sevilla,14,3:4,HS,90'+4,3:4,Linksschuss
3098029,2018,UEFA Champions League,Gruppenphase,A,FC Barcelona,,PSV Eindhoven,,2:1,MS,61',0:1,Linksschuss
3079491,2018,LaLiga,15,A,FC Barcelona,1,Espanyol Barcelona,7,4:0,RA,17',0:1,Direkter Freistoß
3079491,2018,LaLiga,15,A,FC Barcelona,1,Espanyol Barcelona,7,4:0,RA,65',0:4,Direkter Freistoß
3079501,2018,LaLiga,16,A,FC Barcelona,1,UD Levante,6,5:0,HS,43',0:2,Rechtsschuss
3079501,2018,LaLiga,16,A,FC Barcelona,1,UD Levante,6,5:0,HS,47',0:3,Linksschuss
3079501,2018,LaLiga,16,A,FC Barcelona,1,UD Levante,6,5:0,HS,60',0:4,Linksschuss
3079507,2018,LaLiga,17,H,FC Barcelona,1,Celta Vigo,10,2:0,RA,45',2:0,Linksschuss
3079521,2018,LaLiga,18,A,FC Barcelona,1,FC Getafe,7,2:1,RA,20',0:1,Linksschuss
3079527,2018,LaLiga,19,H,FC Barcelona,1,SD Eibar,12,3:0,RA,53',2:0,Linksschuss
3142975,2018,Copa del Rey,Achtelfinale,H,FC Barcelona,,UD Levante,,3:0,MS,54',3:0,Linksschuss
3080762,2018,LaLiga,20,H,FC Barcelona,1,CD Leganés,15,3:1,HS,90'+2,3:1,Rechtsschuss
3080777,2018,LaLiga,21,A,FC Barcelona,1,FC Girona,12,2:0,RA,69',0:2,Linksschuss
3148385,2018,Copa del Rey,Viertelfinale,H,FC Barcelona,,FC Sevilla,,6:1,RA,90'+2,6:1,Linksschuss
3080782,2018,LaLiga,22,H,FC Barcelona,1,FC Valencia,7,2:2,RA,39',1:2,Elfmeter
3080782,2018,LaLiga,22,H,FC Barcelona,1,FC Valencia,7,2:2,RA,64',2:2,Linksschuss
3080802,2018,LaLiga,24,H,FC Barcelona,1,Real Valladolid,15,1:0,RA,43',1:0,Elfmeter
3080820,2018,LaLiga,25,A,FC Barcelona,1,FC Sevilla,4,4:2,RA,26',1:1,Linksschuss
3080820,2018,LaLiga,25,A,FC Barcelona,1,FC Sevilla,4,4:2,RA,67',2:2,Rechtsschuss
3080820,2018,LaLiga,25,A,FC Barcelona,1,FC Sevilla,4,4:2,RA,85',2:3,Linksschuss
3080835,2018,LaLiga,27,H,FC Barcelona,1,Rayo Vallecano,19,3:1,RA,51',2:1,Elfmeter
3135810,2018,UEFA Champions League,Achtelfinale,H,FC Barcelona,,Olympique Lyon,,5:1,RA,18',1:0,Elfmeter
3135810,2018,UEFA Champions League,Achtelfinale,H,FC Barcelona,,Olympique Lyon,,5:1,RA,78',3:1,Rechtsschuss
3080846,2018,LaLiga,28,A,FC Barcelona,1,Real Betis Sevilla,8,4:1,HS,18',0:1,Direkter Freistoß
3080846,2018,LaLiga,28,A,FC Barcelona,1,Real Betis Sevilla,8,4:1,HS,45'+2,0:2,Linksschuss
3080846,2018,LaLiga,28,A,FC Barcelona,1,Real Betis Sevilla,8,4:1,HS,85',1:4,Linksschuss
3080853,2018,LaLiga,29,H,FC Barcelona,1,Espanyol Barcelona,13,2:0,RA,71',1:0,Direkter Freistoß
3080853,2018,LaLiga,29,H,FC Barcelona,1,Espanyol Barcelona,13,2:0,RA,89',2:0,Linksschuss
3080868,2018,LaLiga,30,A,FC Barcelona,1,FC Villarreal,17,4:4,RA,90',4:3,Direkter Freistoß
3080877,2018,LaLiga,31,H,FC Barcelona,1,Atlético Madrid,2,2:0,HS,87',2:0,Linksschuss
3167768,2018,UEFA Champions League,Viertelfinale,H,FC Barcelona,,Manchester United,,3:0,RA,16',1:0,Linksschuss
3167768,2018,UEFA Champions League,Viertelfinale,H,FC Barcelona,,Manchester United,,3:0,RA,20',2:0,Rechtsschuss
3081092,2018,LaLiga,35,H,FC Barcelona,1,UD Levante,15,1:0,RA,62',1:0,Linksschuss
3177022,2018,UEFA Champions League,Halbfinale,H,FC Barcelona,,FC Liverpool,,3:0,RA,75',2:0,Linksschuss
3177022,2018,UEFA Champions League,Halbfinale,H,FC Barcelona,,FC Liverpool,,3:0,RA,82',3:0,Direkter Freistoß
3081128,2018,LaLiga,38,A,FC Barcelona,1,SD Eibar,12,2:2,MS,31',1:1,Linksschuss
3081128,2018,LaLiga,38,A,FC Barcelona,1,SD Eibar,12,2:2,MS,32',1:2,Linksschuss
3162692,2018,Copa del Rey,Finale,H,FC Barcelona,,FC Valencia,,1:2,MS,73',1:2,Linksschuss
3208703,2019,LaLiga,8,H,FC Barcelona,5,FC Sevilla,4,4:0,RA,78',4:0,Direkter Freistoß
3208716,2019,LaLiga,9,A,FC Barcelona,2,SD Eibar,14,3:0,RA,58',0:2,Linksschuss
3252197,2019,UEFA Champions League,Gruppenphase,A,FC Barcelona,,SK Slavia Prag,,2:1,RA,3',0:1,Linksschuss
3208744,2019,LaLiga,11,H,FC Barcelona,2,Real Valladolid,8,5:1,RA,34',3:1,Direkter Freistoß
3208744,2019,LaLiga,11,H,FC Barcelona,2,Real Valladolid,8,5:1,RA,75',4:1,Linksschuss
3208756,2019,LaLiga,12,A,FC Barcelona,1,UD Levante,11,3:1,RA,38',0:1,Elfmeter
3208765,2019,LaLiga,13,H,FC Barcelona,1,Celta Vigo,18,4:1,RA,23',1:0,Elfmeter
3208765,2019,LaLiga,13,H,FC Barcelona,1,Celta Vigo,18,4:1,RA,45'+1,2:1,Direkter Freistoß
3208765,2019,LaLiga,13,H,FC Barcelona,1,Celta Vigo,18,4:1,RA,48',3:1,Direkter Freistoß
3252228,2019,UEFA Champions League,Gruppenphase,H,FC Barcelona,,Borussia Dortmund,,3:1,RA,33',2:0,Linksschuss
3208784,2019,LaLiga,15,A,FC Barcelona,1,Atlético Madrid,4,1:0,RA,86',0:1,Linksschuss
3208792,2019,LaLiga,16,H,FC Barcelona,1,RCD Mallorca,17,5:2,RA,17',2:0,Linksschuss
3208792,2019,LaLiga,16,H,FC Barcelona,1,RCD Mallorca,17,5:2,RA,41',3:1,Linksschuss
3208792,2019,LaLiga,16,H,FC Barcelona,1,RCD Mallorca,17,5:2,RA,83',5:2,Linksschuss
3208812,2019,LaLiga,18,H,FC Barcelona,1,Deportivo Alavés,14,4:1,RA,69',3:1,Linksschuss
3280660,2019,Supercopa,Halbfinale,H,FC Barcelona,,Atlético Madrid,,2:3,RA,51',1:1,Rechtsschuss
3208833,2019,LaLiga,20,H,FC Barcelona,1,FC Granada,10,1:0,MS,76',1:0,Rechtsschuss
3310294,2019,Copa del Rey,Achtelfinale,H,FC Barcelona,,CD Leganés,,5:0,RA,59',3:0,Linksschuss
3310294,2019,Copa del Rey,Achtelfinale,H,FC Barcelona,,CD Leganés,,5:0,RA,89',5:0,Linksschuss
3209970,2019,LaLiga,25,H,FC Barcelona,2,SD Eibar,16,5:0,HS,14',1:0,Linksschuss
3209970,2019,LaLiga,25,H,FC Barcelona,2,SD Eibar,16,5:0,HS,37',2:0,Linksschuss
3209970,2019,LaLiga,25,H,FC Barcelona,2,SD Eibar,16,5:0,HS,40',3:0,Linksschuss
3209970,2019,LaLiga,25,H,FC Barcelona,2,SD Eibar,16,5:0,HS,87',4:0,Linksschuss
3209999,2019,LaLiga,27,H,FC Barcelona,2,Real Sociedad San Sebastián,4,1:0,MS,81',1:0,Elfmeter
3210021,2019,LaLiga,28,A,FC Barcelona,1,RCD Mallorca,18,4:0,RA,90'+3,0:4,Rechtsschuss
3210036,2019,LaLiga,29,H,FC Barcelona,1,CD Leganés,19,2:0,RA,69',2:0,Elfmeter
3210094,2019,LaLiga,33,H,FC Barcelona,2,Atlético Madrid,3,2:2,HS,50',2:1,Elfmeter
3210134,2019,LaLiga,37,H,FC Barcelona,2,CA Osasuna,11,1:2,RA,62',1:1,Direkter Freistoß
3208633,2019,LaLiga,38,A,FC Barcelona,2,Deportivo Alavés,16,5:0,RA,34',0:2,Linksschuss
3208633,2019,LaLiga,38,A,FC Barcelona,2,Deportivo Alavés,16,5:0,RA,75',0:5,Linksschuss
3291942,2019,UEFA Champions League,Achtelfinale,H,FC Barcelona,,SSC Napoli,,3:1,HS,23',2:0,Linksschuss
3431926,2020,LaLiga,3,H,FC Barcelona,1,FC Villarreal,6,4:0,MS,35',3:0,Elfmeter
3461723,2020,UEFA Champions League,Gruppenphase,H,FC Barcelona,,Ferencvárosi TC,,5:1,MS,27',1:0,Elfmeter
3461746,2020,UEFA Champions League,Gruppenphase,A,FC Barcelona,,Juventus Turin,,2:0,MS,90'+1,0:2,Elfmeter
3461761,2020,UEFA Champions League,Gruppenphase,H,FC Barcelona,,Dynamo Kyiv,,2:1,RA,5',1:0,Elfmeter
3450991,2020,LaLiga,9,H,FC Barcelona,6,Real Betis Sevilla,8,5:2,MS,61',3:1,Elfmeter
3450991,2020,LaLiga,9,H,FC Barcelona,6,Real Betis Sevilla,8,5:2,MS,82',4:2,Linksschuss
3451010,2020,LaLiga,11,H,FC Barcelona,5,CA Osasuna,14,4:0,RA,73',4:0,Linksschuss
3451030,2020,LaLiga,13,H,FC Barcelona,5,UD Levante,17,1:0,MS,76',1:0,Linksschuss
3451042,2020,LaLiga,14,H,FC Barcelona,4,FC Valencia,14,2:2,MS,45'+4,1:1,Kopfball
3451057,2020,LaLiga,15,A,FC Barcelona,5,Real Valladolid,18,3:0,OM,65',0:3,Linksschuss
3431914,2020,LaLiga,2,A,FC Barcelona,1,Athletic Bilbao,18,3:2,MS,38',1:2,Linksschuss
3431914,2020,LaLiga,2,A,FC Barcelona,1,Athletic Bilbao,18,3:2,MS,62',1:3,Linksschuss
3451084,2020,LaLiga,18,A,FC Barcelona,3,FC Granada,7,4:0,MS,35',0:2,Linksschuss
3451084,2020,LaLiga,18,A,FC Barcelona,3,FC Granada,7,4:0,MS,42',0:3,Direkter Freistoß
3508601,2020,Copa del Rey,Achtelfinale,A,FC Barcelona,,Rayo Vallecano,,2:1,MS,69',1:1,Linksschuss
3451110,2020,LaLiga,21,H,FC Barcelona,3,Athletic Bilbao,11,2:1,MS,20',1:0,Direkter Freistoß
3451135,2020,LaLiga,22,A,FC Barcelona,3,Real Betis Sevilla,7,3:2,MS,59',1:1,Linksschuss
3451146,2020,LaLiga,23,H,FC Barcelona,3,Deportivo Alavés,16,5:1,MS,45'+1,2:0,Linksschuss
3451146,2020,LaLiga,23,H,FC Barcelona,3,Deportivo Alavés,16,5:1,MS,75',4:1,Linksschuss
3496453,2020,UEFA Champions League,Achtelfinale,H,FC Barcelona,,FC Paris Saint-Germain,,1:4,MS,27',1:0,Elfmeter
3451158,2020,LaLiga,24,H,FC Barcelona,3,FC Cádiz,15,1:1,MS,32',1:0,Elfmeter
3431906,2020,LaLiga,1,H,FC Barcelona,3,FC Elche,17,3:0,MS,48',1:0,Linksschuss
3431906,2020,LaLiga,1,H,FC Barcelona,3,FC Elche,17,3:0,MS,68',2:0,Linksschuss
3451182,2020,LaLiga,25,A,FC Barcelona,4,FC Sevilla,3,2:0,MS,85',0:2,Rechtsschuss
3496461,2020,UEFA Champions League,Achtelfinale,A,FC Barcelona,,FC Paris Saint-Germain,,1:1,HS,37',1:1,Distanzschuss
3451205,2020,LaLiga,27,H,FC Barcelona,2,SD Huesca ,20,4:1,HS,13',1:0,Linksschuss
3451205,2020,LaLiga,27,H,FC Barcelona,2,SD Huesca ,20,4:1,HS,90',4:1,Linksschuss
3451379,2020,LaLiga,28,A,FC Barcelona,2,Real Sociedad San Sebastián,5,6:1,HS,56',0:4,Linksschuss
3451379,2020,LaLiga,28,A,FC Barcelona,2,Real Sociedad San Sebastián,5,6:1,HS,89',1:6,Linksschuss
3531491,2020,Copa del Rey,Finale,A,FC Barcelona,,Athletic Bilbao,,4:0,MS,68',0:3,Linksschuss
3531491,2020,Copa del Rey,Finale,A,FC Barcelona,,Athletic Bilbao,,4:0,MS,72',0:4,Linksschuss
3451405,2020,LaLiga,31,H,FC Barcelona,3,FC Getafe,15,5:2,MS,8',1:0,Linksschuss
3451405,2020,LaLiga,31,H,FC Barcelona,3,FC Getafe,15,5:2,MS,33',3:1,Linksschuss
3451426,2020,LaLiga,33,H,FC Barcelona,1,FC Granada,8,1:2,MS,23',1:0,Linksschuss
3451441,2020,LaLiga,34,A,FC Barcelona,3,FC Valencia,14,3:2,MS,57',1:1,Linksschuss
3451441,2020,LaLiga,34,A,FC Barcelona,3,FC Valencia,14,3:2,MS,69',1:3,Direkter Freistoß
3451459,2020,LaLiga,36,A,FC Barcelona,3,UD Levante,14,3:3,HS,25',0:1,Linksschuss
3451466,2020,LaLiga,37,H,FC Barcelona,3,Celta Vigo,8,1:2,HS,28',1:0,Kopfball
3651061,2021,UEFA Champions League,Gruppenphase,H,FC Paris Saint-Germain,,Manchester City,,2:0,RA,74',2:0,Linksschuss
3651078,2021,UEFA Champions League,Gruppenphase,H,FC Paris Saint-Germain,,RB Leipzig,,3:2,RA,67',2:2,Linksschuss
3651078,2021,UEFA Champions League,Gruppenphase,H,FC Paris Saint-Germain,,RB Leipzig,,3:2,RA,74',3:2,Elfmeter
3589206,2021,Ligue 1,14,H,FC Paris Saint-Germain,1,FC Nantes,9,3:1,RA,87',3:1,Linksschuss
3651125,2021,UEFA Champions League,Gruppenphase,H,FC Paris Saint-Germain,,FC Brügge,,4:1,MS,38',3:0,Linksschuss
3651125,2021,UEFA Champions League,Gruppenphase,H,FC Paris Saint-Germain,,FC Brügge,,4:1,MS,76',4:1,Elfmeter
3589360,2021,Ligue 1,23,A,FC Paris Saint-Germain,1,LOSC Lille,11,5:1,MS,38',1:3,Linksschuss
3589477,2021,Ligue 1,30,H,FC Paris Saint-Germain,1,FC Lorient,16,5:1,RA,73',4:1,Linksschuss
3589557,2021,Ligue 1,34,H,FC Paris Saint-Germain,1,RC Lens,7,1:1,RA,68',1:0,Linksschuss
3589585,2021,Ligue 1,37,A,FC Paris Saint-Germain,1,Montpellier HSC,13,4:0,MS,6',0:1,Linksschuss
3589585,2021,Ligue 1,37,A,FC Paris Saint-Germain,1,Montpellier HSC,13,4:0,MS,20',0:2,Linksschuss
3813957,2022,Trophée des Champions,Finale,H,FC Paris Saint-Germain,,FC Nantes,,4:0,MS,22',1:0,Rechtsschuss
3839729,2022,Ligue 1,1,A,FC Paris Saint-Germain,1,Clermont Foot 63,8,5:0,MS,80',0:4,Linksschuss
3839729,2022,Ligue 1,1,A,FC Paris Saint-Germain,1,Clermont Foot 63,8,5:0,MS,86',0:5,Linksschuss
3839819,2022,Ligue 1,3,A,FC Paris Saint-Germain,1,LOSC Lille,3,7:1,RA,27',0:2,Rechtsschuss
3913724,2022,UEFA Champions League,Gruppenphase,A,FC Paris Saint-Germain,,Maccabi Haifa,,3:1,RA,37',1:1,Linksschuss
3840033,2022,Ligue 1,8,A,FC Paris Saint-Germain,1,Olympique Lyon,5,1:0,RA,5',0:1,Linksschuss
3840044,2022,Ligue 1,9,H,FC Paris Saint-Germain,1,OGC Nizza,13,2:1,OM,28',1:0,Direkter Freistoß
3913727,2022,UEFA Champions League,Gruppenphase,A,FC Paris Saint-Germain,,Benfica Lissabon,,1:1,RA,22',0:1,Linksschuss
3840069,2022,Ligue 1,12,A,FC Paris Saint-Germain,1,AC Ajaccio,18,3:0,MS,78',0:2,Linksschuss
3913740,2022,UEFA Champions League,Gruppenphase,H,FC Paris Saint-Germain,,Maccabi Haifa,,7:2,HS,19',1:0,Linksschuss
3913740,2022,UEFA Champions League,Gruppenphase,H,FC Paris Saint-Germain,,Maccabi Haifa,,7:2,HS,45',4:1,Linksschuss
3840084,2022,Ligue 1,13,H,FC Paris Saint-Germain,1,ESTAC Troyes,11,4:3,RA,55',2:2,Linksschuss
3840135,2022,Ligue 1,18,H,FC Paris Saint-Germain,1,Angers SCO,20,2:0,OM,72',2:0,Rechtsschuss
3840163,2022,Ligue 1,21,A,FC Paris Saint-Germain,1,Montpellier HSC,14,3:1,HS,72',0:2,Linksschuss
3840174,2022,Ligue 1,22,H,FC Paris Saint-Germain,1,FC Toulouse,12,2:1,HS,58',2:1,Linksschuss
3840192,2022,Ligue 1,24,H,FC Paris Saint-Germain,1,LOSC Lille,5,4:3,MS,90'+5,4:3,Direkter Freistoß
3840207,2022,Ligue 1,25,A,FC Paris Saint-Germain,1,Olympique Marseille,2,3:0,MS,29',0:2,Rechtsschuss
3840212,2022,Ligue 1,26,H,FC Paris Saint-Germain,1,FC Nantes,13,4:2,MS,12',1:0,Linksschuss
3840261,2022,Ligue 1,30,A,FC Paris Saint-Germain,1,OGC Nizza,8,2:0,MS,26',0:1,Linksschuss
3840271,2022,Ligue 1,31,H,FC Paris Saint-Germain,1,RC Lens,2,3:1,MS,40',3:0,Linksschuss
3840442,2022,Ligue 1,37,A,FC Paris Saint-Germain,1,RC Straßburg Alsace,15,1:1,MS,59',0:1,Linksschuss
4085406,2022,Leagues Cup,Gruppenphase,A,Inter Miami CF,,CD Cruz Azul,,2:1,RA,90'+4,1:2,Direkter Freistoß
4085421,2022,Leagues Cup,Gruppenphase,H,Inter Miami CF,,Atlanta United FC,,4:0,RA,8',1:0,Rechtsschuss
4085421,2022,Leagues Cup,Gruppenphase,H,Inter Miami CF,,Atlanta United FC,,4:0,RA,22',2:0,Rechtsschuss
4143913,2022,Leagues Cup,1.Runde,H,Inter Miami CF,,Orlando City SC,,3:1,RA,7',1:0,Linksschuss
4143913,2022,Leagues Cup,1.Runde,H,Inter Miami CF,,Orlando City SC,,3:1,RA,72',3:1,Rechtsschuss
4149871,2022,Leagues Cup,Achtelfinale,A,Inter Miami CF,,FC Dallas,,9:7 n.E.,RA,6',0:1,Linksschuss
4149871,2022,Leagues Cup,Achtelfinale,A,Inter Miami CF,,FC Dallas,,9:7 n.E.,RA,85',4:4,Direkter Freistoß
4155792,2022,Leagues Cup,Viertelfinale,H,Inter Miami CF,,Charlotte FC,,4:0,RA,86',4:0,Linksschuss
4157813,2022,Leagues Cup,Halbfinale,A,Inter Miami CF,,Philadelphia Union,,4:1,RA,20',0:2,Linksschuss
4160855,2022,Leagues Cup,Finale,A,Inter Miami CF,,Nashville SC,,11:10 n.E.,RA,23',0:1,Linksschuss
3996251,2022,Major League Soccer,28,A,Inter Miami CF,14,New York Red Bulls,11,2:0,MS,89',0:2,Linksschuss
4248411,2023,Major League Soccer,1,A,Inter Miami CF,,Los Angeles Galaxy,,1:1,RA,90'+2,1:1,Linksschuss
4248415,2023,Major League Soccer,2,H,Inter Miami CF,,Orlando City SC,,5:0,RA,57',4:0,Brust
4248415,2023,Major League Soccer,2,H,Inter Miami CF,,Orlando City SC,,5:0,RA,62',5:0,Kopfball
4299906,2023,CONCACAF Champions Cup,Achtelfinale,A,Inter Miami CF,,Nashville SC,,2:2,MS,52',2:1,Ohne weitere Angaben
4299907,2023,CONCACAF Champions Cup,Achtelfinale,H,Inter Miami CF,,Nashville SC,,3:1,MS,23',2:0,Linksschuss
4248975,2023,Major League Soccer,7,H,Inter Miami CF,,Colorado Rapids,,2:2,MS,57',1:1,Linksschuss
4248993,2023,Major League Soccer,8,A,Inter Miami CF,,Sporting Kansas City,,3:2,RA,51',1:2,Linksschuss
4249002,2023,Major League Soccer,9,H,Inter Miami CF,,Nashville SC,,3:1,RA,11',1:1,Linksschuss
4249002,2023,Major League Soccer,9,H,Inter Miami CF,,Nashville SC,,3:1,RA,81',3:1,Elfmeter
4249017,2023,Major League Soccer,10,A,Inter Miami CF,,New England Revolution,,4:1,RA,32',1:1,Linksschuss
4249017,2023,Major League Soccer,10,A,Inter Miami CF,,New England Revolution,,4:1,RA,67',1:2,Linksschuss
4249031,2023,Major League Soccer,11,H,Inter Miami CF,,New York Red Bulls,,6:2,RA,50',2:1,Linksschuss
4318356,2023,Major League Soccer,16,H,Inter Miami CF,,Atlanta United FC,,1:3,RA,62',1:2,Linksschuss
4318370,2023,Major League Soccer,17,H,Inter Miami CF,,St. Louis CITY SC,,3:3,RA,25',1:1,Linksschuss
4327796,2023,Major League Soccer,31,H,Inter Miami CF,,Philadelphia Union,,3:1,RA,26',1:1,Rechtsschuss
4327796,2023,Major League Soccer,31,H,Inter Miami CF,,Philadelphia Union,,3:1,RA,30',2:1,Linksschuss
4327844,2023,Major League Soccer,34,H,Inter Miami CF,,Charlotte FC,,1:1,RA,67',1:1,Linksschuss
4327864,2023,Major League Soccer,35,A,Inter Miami CF,,Columbus Crew,,3:2,RA,45',0:1,Linksschuss
4327864,2023,Major League Soccer,35,A,Inter Miami CF,,Columbus Crew,,3:2,RA,45'+5,0:2,Direkter Freistoß
4327893,2023,Major League Soccer,37,H,Inter Miami CF,,New England Revolution,,6:2,RA,78',4:2,Linksschuss
4327893,2023,Major League Soccer,37,H,Inter Miami CF,,New England Revolution,,6:2,RA,81',5:2,Linksschuss
4327893,2023,Major League Soccer,37,H,Inter Miami CF,,New England Revolution,,6:2,RA,89',6:2,Linksschuss
4481947,2023,MLS Cup Playoffs,1.Runde,H,Inter Miami CF,,Atlanta United FC,,2:3,RA,65',2:2,Kopfball
