player_name,game_id,player_current_club,tournament,gameday,venue_country,venue_city,venue,date,team,opponent,result,player_position,goals,assists_amount,own_goals_amount,substitute_in,substitute_out,yellow_card,yellow_red_card,red_card,minutes_played
Lionel Messi,1059978,FC Barcelona,Freundschaftsspiele,,Ungarn,Budapest,A,2005-08-17,Argentinien,Ungarn,2:1,HS,0,0,0,64',,,,65',1'
Lionel Messi,2373422,FC Barcelona,WM-Qualifikation Südamerika,Gruppe A,Paraguay,Asunción,A,2005-09-03,Argentinien,Paraguay,0:1,HS,0,0,0,80',,,,,10'
Lionel Messi,2373430,FC Barcelona,WM-Qualifikation Südamerika,Gruppe A,Argentinien,Buenos Aires,H,2005-10-09,Argentinien,Peru,2:0,HS,0,1,0,,,,,,90'
Lionel Messi,2373435,FC Barcelona,WM-Qualifikation Südamerika,Gruppe A,Uruguay,Montevideo,A,2005-10-13,Argentinien,Uruguay,0:1,RM,0,0,0,65',,,,,25'
Lionel Messi,1059980,FC Barcelona,Freundschaftsspiele,,Katar,Doha,A,2005-11-16,Argentinien,Katar,3:0,HS,0,1,0,,81',,,,81'
Lionel Messi,1059981,FC Barcelona,Freundschaftsspiele,,Schweiz,Basel,A,2006-03-01,Argentinien,Kroatien,2:3,RM,1,1,0,,,,,,90'
Lionel Messi,1059982,FC Barcelona,Freundschaftsspiele,,Italien,Salerno,H,2006-05-29,Argentinien,Angola,2:0,OM,0,0,0,68',,,,,22'
Lionel Messi,1126204,FC Barcelona,Weltmeisterschaft,Gruppe C,Deutschland,Gelsenkirchen,H,2006-06-16,Argentinien,Serbien und Montenegro,6:0,RM,1,1,0,74',,,,,16'
Lionel Messi,49340,FC Barcelona,Weltmeisterschaft,Gruppe C,Deutschland,Frankfurt (Main),A,2006-06-21,Argentinien,Niederlande,0:0,HS,0,0,0,,70',,,,70'
Lionel Messi,53478,FC Barcelona,Weltmeisterschaft,Achtelfinale,Deutschland,Leipzig,H,2006-06-24,Argentinien,Mexiko,2:1 n.V.,HS,0,0,0,84',,,,,36'
Lionel Messi,1059972,FC Barcelona,Freundschaftsspiele,,England,London,A,2006-09-02,Argentinien,Brasilien,0:3,MS,0,0,0,,,,,,90'
Lionel Messi,1059973,FC Barcelona,Freundschaftsspiele,,Spanien,Murcia,A,2006-10-11,Argentinien,Spanien,1:2,HS,0,0,0,,61',,,,61'
Lionel Messi,1059976,FC Barcelona,Freundschaftsspiele,,Schweiz,Basel,A,2007-06-02,Argentinien,Schweiz,1:1,RA,0,1,0,,87',,,,87'
Lionel Messi,1059977,FC Barcelona,Freundschaftsspiele,,Spanien,Barcelona,A,2007-06-05,Argentinien,Algerien,4:3,RA,2,0,0,,,,,,90'
Lionel Messi,1021914,FC Barcelona,Copa América,Gruppe 3,Venezuela,Maracaibo,H,2007-06-29,Argentinien,Vereinigte Staaten,4:1,HS,0,1,0,,80',,,,80'
Lionel Messi,1021935,FC Barcelona,Copa América,Gruppe 3,Venezuela,Maracaibo,H,2007-07-03,Argentinien,Kolumbien,4:2,HS,0,0,0,,84',,,,84'
Lionel Messi,1021956,FC Barcelona,Copa América,Gruppe 3,Venezuela,Barquisimeto,H,2007-07-06,Argentinien,Paraguay,1:0,OM,0,0,0,67',,,,,23'
Lionel Messi,1021970,FC Barcelona,Copa América,Viertelfinale,Venezuela,Barquisimeto,H,2007-07-09,Argentinien,Peru,4:0,HS,1,0,0,,,,,,90'
Lionel Messi,1021977,FC Barcelona,Copa América,Halbfinale,Venezuela,Puerto Ordaz,A,2007-07-12,Argentinien,Mexiko,3:0,HS,1,0,0,,,51',,,90'
Lionel Messi,1021979,FC Barcelona,Copa América,Finale,Venezuela,Maracaibo,A,2007-07-15,Argentinien,Brasilien,0:3,HS,0,0,0,,,,,,90'
Lionel Messi,1059968,FC Barcelona,Freundschaftsspiele,,Norwegen,Oslo,A,2007-08-22,Argentinien,Norwegen,1:2,OM,0,0,0,,,,,,90'
Lionel Messi,1059969,FC Barcelona,Freundschaftsspiele,,Australien,Melbourne,A,2007-09-11,Argentinien,Australien,1:0,HS,0,1,0,,90',,,,90'
Lionel Messi,910344,FC Barcelona,WM-Qualifikation Südamerika,Gruppe A,Argentinien,Buenos Aires,H,2007-10-13,Argentinien,Chile,2:0,HS,0,0,0,,84',,,,84'
Lionel Messi,910348,FC Barcelona,WM-Qualifikation Südamerika,Gruppe A,Venezuela,San Cristóbal,A,2007-10-17,Argentinien,Venezuela,2:0,HS,1,0,0,,,,,,90'
Lionel Messi,910353,FC Barcelona,WM-Qualifikation Südamerika,Gruppe A,Argentinien,Buenos Aires,H,2007-11-17,Argentinien,Bolivien,3:0,RM,0,1,0,,,,,,90'
Lionel Messi,910359,FC Barcelona,WM-Qualifikation Südamerika,Gruppe A,Kolumbien,,A,2007-11-21,Argentinien,Kolumbien,1:2,HS,1,0,0,,,,,,90'
Lionel Messi,910140,FC Barcelona,Freundschaftsspiele,,Vereinigte Staaten,"Bridgeview, Illinois",A,2008-06-05,Argentinien,Mexiko,4:1,OM,1,1,0,,85',37',,,85'
Lionel Messi,1059971,FC Barcelona,Freundschaftsspiele,,Vereinigte Staaten,"East Rutherford, New Jersey",A,2008-06-08,Argentinien,Vereinigte Staaten,0:0,OM,0,0,0,,46',,,,45'
Lionel Messi,910366,FC Barcelona,WM-Qualifikation Südamerika,Gruppe A,Argentinien,Buenos Aires,H,2008-06-15,Argentinien,Ecuador,1:1,HS,0,0,0,,,,,,90'
Lionel Messi,910371,FC Barcelona,WM-Qualifikation Südamerika,Gruppe A,Brasilien,Belo Horizonte,A,2008-06-19,Argentinien,Brasilien,0:0,HS,0,0,0,,90',,,,90'
Lionel Messi,911910,FC Barcelona,WM-Qualifikation Südamerika,Gruppe A,Argentinien,Buenos Aires,H,2008-09-06,Argentinien,Paraguay,1:1,HS,0,1,0,,,,,,90'
Lionel Messi,911929,FC Barcelona,WM-Qualifikation Südamerika,Gruppe A,Peru,Lima,A,2008-09-11,Argentinien,Peru,1:1,HS,0,0,0,,,,,,90'
Lionel Messi,911935,FC Barcelona,WM-Qualifikation Südamerika,Gruppe A,Argentinien,Buenos Aires,H,2008-10-11,Argentinien,Uruguay,2:1,RM,1,0,0,,89',83',,,89'
Lionel Messi,927236,FC Barcelona,WM-Qualifikation Südamerika,Gruppe A,Chile,Santiago de Chile,A,2008-10-16,Argentinien,Chile,0:1,OM,0,0,0,,,,,,90'
Lionel Messi,934867,FC Barcelona,Freundschaftsspiele,,Frankreich,Marseille,A,2009-02-11,Argentinien,Frankreich,2:0,HS,1,0,0,,,,,,90'
Lionel Messi,911980,FC Barcelona,WM-Qualifikation Südamerika,Gruppe A,Argentinien,Buenos Aires,H,2009-03-28,Argentinien,Venezuela,4:0,OM,1,1,0,,,,,,90'
Lionel Messi,911981,FC Barcelona,WM-Qualifikation Südamerika,Gruppe A,Bolivien,La Paz,A,2009-04-01,Argentinien,Bolivien,1:6,HS,0,0,0,,,,,,90'
Lionel Messi,911988,FC Barcelona,WM-Qualifikation Südamerika,Gruppe A,Argentinien,Buenos Aires,H,2009-06-06,Argentinien,Kolumbien,1:0,RA,0,0,0,,,,,,90'
Lionel Messi,911991,FC Barcelona,WM-Qualifikation Südamerika,Gruppe A,Ecuador,Quito,A,2009-06-10,Argentinien,Ecuador,0:2,HS,0,0,0,,,,,,90'
Lionel Messi,911997,FC Barcelona,WM-Qualifikation Südamerika,Gruppe A,Argentinien,Rosario,H,2009-09-06,Argentinien,Brasilien,1:3,HS,0,0,0,,,,,,90'
Lionel Messi,912001,FC Barcelona,WM-Qualifikation Südamerika,Gruppe A,Paraguay,Asunción,A,2009-09-10,Argentinien,Paraguay,0:1,HS,0,0,0,,,,,,90'
Lionel Messi,912009,FC Barcelona,WM-Qualifikation Südamerika,Gruppe A,Argentinien,Buenos Aires,H,2009-10-10,Argentinien,Peru,2:1,HS,0,0,0,,,,,,90'
Lionel Messi,912011,FC Barcelona,WM-Qualifikation Südamerika,Gruppe A,Uruguay,Montevideo,A,2009-10-15,Argentinien,Uruguay,1:0,RA,0,0,0,,86',,,,86'
Lionel Messi,971550,FC Barcelona,Freundschaftsspiele,,Spanien,Madrid,A,2009-11-14,Argentinien,Spanien,1:2,HS,1,0,0,,84',,,,84'
Lionel Messi,982185,FC Barcelona,Freundschaftsspiele,,Deutschland,München,A,2010-03-03,Argentinien,Deutschland,1:0,HS,0,0,0,,,70',,,90'
Lionel Messi,986781,FC Barcelona,Weltmeisterschaft,Gruppe B,Südafrika,"New Doornfontein, Johannesburg",H,2010-06-12,Argentinien,Nigeria,1:0,OM,0,0,0,,,,,,90'
Lionel Messi,986796,FC Barcelona,Weltmeisterschaft,Gruppe B,Südafrika,Johannesburg,H,2010-06-17,Argentinien,Südkorea,4:1,OM,0,0,0,,,,,,90'
Lionel Messi,986809,FC Barcelona,Weltmeisterschaft,Gruppe B,Südafrika,Polokwane,A,2010-06-22,Argentinien,Griechenland,2:0,OM,0,0,0,,,,,,90'
Lionel Messi,1026847,FC Barcelona,Weltmeisterschaft,Achtelfinale,Südafrika,Johannesburg,H,2010-06-27,Argentinien,Mexiko,3:1,OM,0,1,0,,,,,,90'
Lionel Messi,1027750,FC Barcelona,Weltmeisterschaft,Viertelfinale,Südafrika,Kapstadt,H,2010-07-03,Argentinien,Deutschland,0:4,OM,0,0,0,,,,,,90'
Lionel Messi,1045205,FC Barcelona,Freundschaftsspiele,,Irland,Dublin,A,2010-08-11,Argentinien,Irland,1:0,HS,0,0,0,,58',,,,58'
Lionel Messi,1043565,FC Barcelona,Freundschaftsspiele,,Argentinien,Buenos Aires,H,2010-09-07,Argentinien,Spanien,4:1,RA,1,0,0,,86',,,,86'
Lionel Messi,1057709,FC Barcelona,Freundschaftsspiele,,Japan,"Saitama, Saitama",A,2010-10-08,Argentinien,Japan,0:1,RA,0,0,0,,,,,,90'
Lionel Messi,1063987,FC Barcelona,Freundschaftsspiele,,Katar,Doha,H,2010-11-17,Argentinien,Brasilien,1:0,RA,1,0,0,,,90',,,90'
Lionel Messi,1078435,FC Barcelona,Freundschaftsspiele,,Schweiz,Carouge,A,2011-02-09,Argentinien,Portugal,2:1,MS,1,1,0,,,,,,90'
Lionel Messi,1090277,FC Barcelona,Freundschaftsspiele,,Vereinigte Staaten,"East Rutherford, New Jersey",A,2011-03-27,Argentinien,Vereinigte Staaten,1:1,MS,0,0,0,,,,,,90'
Lionel Messi,1113500,FC Barcelona,Freundschaftsspiele,,Argentinien,Buenos Aires,H,2011-06-20,Argentinien,Albanien,4:0,MS,1,2,0,,,,,,90'
Lionel Messi,1103439,FC Barcelona,Copa América,Gruppe A,Argentinien,La Plata,H,2011-07-02,Argentinien,Bolivien,1:1,MS,0,0,0,,,,,,90'
Lionel Messi,1103445,FC Barcelona,Copa América,Gruppe A,Argentinien,,H,2011-07-07,Argentinien,Kolumbien,0:0,RA,0,0,0,,,,,,90'
Lionel Messi,1103452,FC Barcelona,Copa América,Gruppe A,Argentinien,Córdoba,H,2011-07-12,Argentinien,Costa Rica,3:0,RA,0,2,0,,,,,,90'
Lionel Messi,1127604,FC Barcelona,Copa América,Viertelfinale,Argentinien,,H,2011-07-17,Argentinien,Uruguay,5:6 n.E.,RA,0,1,0,,,,,,120'
Lionel Messi,1144551,FC Barcelona,Freundschaftsspiele,,Indien,Kolkata,A,2011-09-02,Argentinien,Venezuela,1:0,HS,0,1,0,,,,,,90'
Lionel Messi,1147842,FC Barcelona,Freundschaftsspiele,,Bangladesch,Dhaka,H,2011-09-06,Argentinien,Nigeria,3:1,RA,0,1,0,,,,,,90'
Lionel Messi,1154327,FC Barcelona,WM-Qualifikation Südamerika,Gruppe A,Argentinien,Buenos Aires,H,2011-10-08,Argentinien,Chile,4:1,HS,1,1,0,,,,,,90'
Lionel Messi,1154332,FC Barcelona,WM-Qualifikation Südamerika,Gruppe A,Venezuela,Puerto La Cruz,A,2011-10-12,Argentinien,Venezuela,0:1,HS,0,0,0,,,,,,90'
Lionel Messi,1154336,FC Barcelona,WM-Qualifikation Südamerika,Gruppe A,Argentinien,Buenos Aires,H,2011-11-11,Argentinien,Bolivien,1:1,HS,0,0,0,,,,,,90'
Lionel Messi,1154338,FC Barcelona,WM-Qualifikation Südamerika,Gruppe A,Kolumbien,Barranquilla,A,2011-11-15,Argentinien,Kolumbien,2:1,HS,1,0,0,,,,,,90'
Lionel Messi,1179858,FC Barcelona,Freundschaftsspiele,,Schweiz,Bern,A,2012-02-29,Argentinien,Schweiz,3:1,HS,3,0,0,,,,,,90'
Lionel Messi,2217964,FC Barcelona,WM-Qualifikation Südamerika,Gruppe A,Argentinien,Buenos Aires,H,2012-06-03,Argentinien,Ecuador,4:0,RA,1,1,0,,,,,,90'
Lionel Messi,2218649,FC Barcelona,Freundschaftsspiele,,Vereinigte Staaten,"East Rutherford, New Jersey",H,2012-06-09,Argentinien,Brasilien,4:3,HS,3,0,0,,,,,,90'
Lionel Messi,2255568,FC Barcelona,Freundschaftsspiele,,Deutschland,Frankfurt (Main),A,2012-08-15,Argentinien,Deutschland,3:1,HS,1,0,0,,,,,,90'
Lionel Messi,2264921,FC Barcelona,WM-Qualifikation Südamerika,Gruppe A,Argentinien,Córdoba,H,2012-09-08,Argentinien,Paraguay,3:1,HS,1,0,0,,,,,,90'
Lionel Messi,2264926,FC Barcelona,WM-Qualifikation Südamerika,Gruppe A,Peru,Lima,A,2012-09-12,Argentinien,Peru,1:1,RA,0,0,0,,,,,,90'
Lionel Messi,2268954,FC Barcelona,WM-Qualifikation Südamerika,Gruppe A,Argentinien,Buenos Aires,H,2012-10-13,Argentinien,Uruguay,3:0,RA,2,0,0,,,,,,90'
Lionel Messi,2268955,FC Barcelona,WM-Qualifikation Südamerika,Gruppe A,Chile,Santiago de Chile,A,2012-10-17,Argentinien,Chile,2:1,RA,1,0,0,,,,,,90'
Lionel Messi,2281070,FC Barcelona,Freundschaftsspiele,,Saudi-Arabien,Riad,A,2012-11-14,Argentinien,Saudi-Arabien,0:0,HS,0,0,0,,,,,,90'
Lionel Messi,2289046,FC Barcelona,Freundschaftsspiele,,Schweden,Stockholm,A,2013-02-06,Argentinien,Schweden,3:2,RA,0,0,0,,,,,,90'
Lionel Messi,2268959,FC Barcelona,WM-Qualifikation Südamerika,Gruppe A,Argentinien,Buenos Aires,H,2013-03-23,Argentinien,Venezuela,3:0,RA,1,2,0,,,,,,90'
Lionel Messi,2268963,FC Barcelona,WM-Qualifikation Südamerika,Gruppe A,Bolivien,La Paz,A,2013-03-26,Argentinien,Bolivien,1:1,HS,0,0,0,,,,,,90'
Lionel Messi,2303482,FC Barcelona,WM-Qualifikation Südamerika,Gruppe A,Argentinien,Buenos Aires,H,2013-06-08,Argentinien,Kolumbien,0:0,HS,0,0,0,58',,,,,32'
Lionel Messi,2303486,FC Barcelona,WM-Qualifikation Südamerika,Gruppe A,Ecuador,Quito,A,2013-06-11,Argentinien,Ecuador,1:1,HS,0,0,0,61',,,,,29'
Lionel Messi,2317005,FC Barcelona,Freundschaftsspiele,,Guatemala,Ciudad de Guatemala,A,2013-06-15,Argentinien,Guatemala,4:0,HS,3,1,0,,68',,,,68'
Lionel Messi,2303496,FC Barcelona,WM-Qualifikation Südamerika,Gruppe A,Paraguay,Asunción,A,2013-09-11,Argentinien,Paraguay,5:2,RA,2,1,0,,,,,,90'
Lionel Messi,2385458,FC Barcelona,Freundschaftsspiele,,Rumänien,Bucharest,A,2014-03-05,Argentinien,Rumänien,0:0,HS,0,0,0,,,,,,90'
Lionel Messi,2460385,FC Barcelona,Freundschaftsspiele,,Argentinien,Buenos Aires,H,2014-06-05,Argentinien,Trinidad und Tobago,3:0,RA,0,1,0,,,,,,90'
Lionel Messi,2522998,FC Barcelona,Freundschaftsspiele,,Argentinien,La Plata,H,2014-06-07,Argentinien,Slowenien,2:0,RA,1,0,0,58',,,,,32'
Lionel Messi,2384338,FC Barcelona,Weltmeisterschaft,Gruppe F,Brasilien,Rio de Janeiro,H,2014-06-16,Argentinien,Bosnien-Herzegowina,2:1,HS,1,0,0,,,,,,90'
Lionel Messi,2384354,FC Barcelona,Weltmeisterschaft,Gruppe F,Brasilien,Belo Horizonte,H,2014-06-21,Argentinien,Iran,1:0,OM,1,0,0,,,,,,90'
Lionel Messi,2384322,FC Barcelona,Weltmeisterschaft,Gruppe F,Brasilien,Porto Alegre (RS),A,2014-06-25,Argentinien,Nigeria,3:2,OM,2,0,0,,63',,,,63'
Lionel Messi,2462533,FC Barcelona,Weltmeisterschaft,Achtelfinale,Brasilien,,H,2014-07-01,Argentinien,Schweiz,1:0 n.V.,HS,0,1,0,,,,,,120'
Lionel Messi,2463354,FC Barcelona,Weltmeisterschaft,Viertelfinale,Brasilien,Brasília,H,2014-07-05,Argentinien,Belgien,1:0,HS,0,0,0,,,,,,90'
Lionel Messi,2464610,FC Barcelona,Weltmeisterschaft,Halbfinale,Brasilien,,A,2014-07-09,Argentinien,Niederlande,4:2 n.E.,HS,0,0,0,,,,,,120'
Lionel Messi,2466308,FC Barcelona,Weltmeisterschaft,Finale,Brasilien,Rio de Janeiro,A,2014-07-13,Argentinien,Deutschland,0:1 n.V.,HS,0,0,0,,,,,,120'
Lionel Messi,2504246,FC Barcelona,Freundschaftsspiele,,China,Peking,A,2014-10-11,Argentinien,Brasilien,0:2,HS,0,0,0,,,,,,90'
Lionel Messi,2500518,FC Barcelona,Freundschaftsspiele,,Hongkong,"So Kon Po, Wanchai",A,2014-10-14,Argentinien,Hongkong,7:0,HS,2,1,0,61',,,,,29'
Lionel Messi,2510920,FC Barcelona,Freundschaftsspiele,,England,London,H,2014-11-12,Argentinien,Kroatien,2:1,HS,1,1,0,,,,,,90'
Lionel Messi,2511692,FC Barcelona,Freundschaftsspiele,,England,Manchester,H,2014-11-18,Argentinien,Portugal,0:1,RA,0,0,0,,46',,,,45'
Lionel Messi,2547017,FC Barcelona,Copa América,Gruppe B,Chile,La Serena,H,2015-06-13,Argentinien,Paraguay,2:2,RA,1,0,0,,,,,,90'
Lionel Messi,2547023,FC Barcelona,Copa América,Gruppe B,Chile,La Serena,H,2015-06-17,Argentinien,Uruguay,1:0,RA,0,0,0,,,,,,90'
Lionel Messi,2547029,FC Barcelona,Copa América,Gruppe B,Chile,,H,2015-06-20,Argentinien,Jamaika,1:0,RA,0,0,0,,,,,,90'
Lionel Messi,2580100,FC Barcelona,Copa América,Viertelfinale,Chile,,H,2015-06-27,Argentinien,Kolumbien,5:4 n.E.,RA,0,0,0,,,90',,,90'
Lionel Messi,2583053,FC Barcelona,Copa América,Halbfinale,Chile,,H,2015-07-01,Argentinien,Paraguay,6:1,RA,0,3,0,,,,,,90'
Lionel Messi,2584679,FC Barcelona,Copa América,Finale,Chile,Santiago de Chile,A,2015-07-04,Argentinien,Chile,1:4 n.E.,RA,0,0,0,,,,,,120'
Lionel Messi,2620570,FC Barcelona,Freundschaftsspiele,,Vereinigte Staaten,"Houston, Texas",H,2015-09-05,Argentinien,Bolivien,7:0,RA,2,0,0,65',,,,,25'
Lionel Messi,2569275,FC Barcelona,Freundschaftsspiele,,Vereinigte Staaten,Dallas,A,2015-09-09,Argentinien,Mexiko,2:2,RA,1,0,0,,,,,,90'
Lionel Messi,2643077,FC Barcelona,WM-Qualifikation Südamerika,Gruppe A,Chile,Santiago de Chile,A,2016-03-25,Argentinien,Chile,2:1,RA,0,0,0,,,,,,90'
Lionel Messi,2643084,FC Barcelona,WM-Qualifikation Südamerika,Gruppe A,Argentinien,Córdoba,H,2016-03-30,Argentinien,Bolivien,2:0,RA,1,0,0,,,,,,90'
Lionel Messi,2679402,FC Barcelona,Freundschaftsspiele,,Argentinien,San Juan,H,2016-05-28,Argentinien,Honduras,1:0,RA,0,0,0,,64',,,,64'
Lionel Messi,2666780,FC Barcelona,Copa América Centenario,Gruppe D,Vereinigte Staaten,"Chicago, Illinois",H,2016-06-11,Argentinien,Panama,5:0,OM,3,0,0,61',,,,,29'
Lionel Messi,2666783,FC Barcelona,Copa América Centenario,Gruppe D,Vereinigte Staaten,"Seattle, Washington",H,2016-06-15,Argentinien,Bolivien,3:0,RA,0,0,0,46',,,,,45'
Lionel Messi,2698017,FC Barcelona,Copa América Centenario,Viertelfinale,Vereinigte Staaten,"Foxborough, Massachusetts",H,2016-06-19,Argentinien,Venezuela,4:1,RA,1,2,0,,,,,,90'
Lionel Messi,2700488,FC Barcelona,Copa América Centenario,Halbfinale,Vereinigte Staaten,Houston,A,2016-06-22,Argentinien,Vereinigte Staaten,4:0,RA,1,2,0,,,,,,90'
Lionel Messi,2702104,FC Barcelona,Copa América Centenario,Finale,Vereinigte Staaten,"East Rutherford, New Jersey",H,2016-06-27,Argentinien,Chile,2:4 n.E.,RA,0,0,0,,,40',,,120'
Lionel Messi,2757659,FC Barcelona,WM-Qualifikation Südamerika,Gruppe A,Argentinien,Buenos Aires,H,2016-09-02,Argentinien,Uruguay,1:0,RA,1,0,0,,,,,,90'
Lionel Messi,2778775,FC Barcelona,WM-Qualifikation Südamerika,Gruppe A,Brasilien,Belo Horizonte,A,2016-11-11,Argentinien,Brasilien,0:3,HS,0,0,0,,,,,,90'
Lionel Messi,2778778,FC Barcelona,WM-Qualifikation Südamerika,Gruppe A,Argentinien,San Juan,H,2016-11-16,Argentinien,Kolumbien,3:0,RA,1,2,0,,,,,,90'
Lionel Messi,2838788,FC Barcelona,WM-Qualifikation Südamerika,Gruppe A,Argentinien,Buenos Aires,H,2017-03-24,Argentinien,Chile,1:0,RA,1,0,0,,,,,,90'
Lionel Messi,2863920,FC Barcelona,Freundschaftsspiele,,Australien,Melbourne,A,2017-06-09,Argentinien,Brasilien,1:0,OM,0,0,0,,,,,,90'
Lionel Messi,2838799,FC Barcelona,WM-Qualifikation Südamerika,Gruppe A,Uruguay,Montevideo,A,2017-09-01,Argentinien,Uruguay,0:0,OM,0,0,0,,,,,,90'
Lionel Messi,2838802,FC Barcelona,WM-Qualifikation Südamerika,Gruppe A,Argentinien,Buenos Aires,H,2017-09-06,Argentinien,Venezuela,1:1,OM,0,0,0,,,,,,90'
Lionel Messi,2838807,FC Barcelona,WM-Qualifikation Südamerika,Gruppe A,Argentinien,"La Boca, Buenos Aires, Capital Federal",H,2017-10-06,Argentinien,Peru,0:0,HS,0,0,0,,,,,,90'
Lionel Messi,2838812,FC Barcelona,WM-Qualifikation Südamerika,Gruppe A,Ecuador,Quito,A,2017-10-11,Argentinien,Ecuador,3:1,OM,3,0,0,,,,,,90'
Lionel Messi,2943550,FC Barcelona,Freundschaftsspiele,,Russland,Moskau,A,2017-11-11,Argentinien,Russland,1:0,MS,0,0,0,,,,,,90'
Lionel Messi,3040789,FC Barcelona,Freundschaftsspiele,,Argentinien,"La Boca, Buenos Aires, Capital Federal",H,2018-05-30,Argentinien,Haiti,4:0,HS,3,1,0,,,,,,90'
Lionel Messi,2977701,FC Barcelona,Weltmeisterschaft,Gruppe D,Russland,,H,2018-06-16,Argentinien,Island,1:1,RA,0,0,0,,,,,,90'
Lionel Messi,2977703,FC Barcelona,Weltmeisterschaft,Gruppe D,Russland,,H,2018-06-21,Argentinien,Kroatien,0:3,RA,0,0,0,,,,,,90'
Lionel Messi,2977705,FC Barcelona,Weltmeisterschaft,Gruppe D,Russland,,A,2018-06-26,Argentinien,Nigeria,2:1,RA,1,0,0,,,90',,,90'
Lionel Messi,3057974,FC Barcelona,Weltmeisterschaft,Achtelfinale,Russland,Kazan,A,2018-06-30,Argentinien,Frankreich,3:4,MS,0,2,0,,,,,,90'
Lionel Messi,3147881,FC Barcelona,Freundschaftsspiele,,Spanien,Madrid,A,2019-03-22,Argentinien,Venezuela,1:3,RA,0,0,0,,,,,,90'
Lionel Messi,3187018,FC Barcelona,Freundschaftsspiele,,Argentinien,San Juan,H,2019-06-08,Argentinien,Nicaragua,5:1,HS,2,0,0,,46',,,,45'
Lionel Messi,3150748,FC Barcelona,Copa América,Gruppe B,Brasilien,Salvador,H,2019-06-16,Argentinien,Kolumbien,0:2,HS,0,0,0,,,,,,90'
Lionel Messi,3150751,FC Barcelona,Copa América,Gruppe B,Brasilien,Belo Horizonte,H,2019-06-20,Argentinien,Paraguay,1:1,MS,1,0,0,,,,,,90'
Lionel Messi,3150752,FC Barcelona,Copa América,Gruppe B,Brasilien,Porto Alegre,A,2019-06-23,Argentinien,Katar,2:0,RA,0,0,0,,,,,,90'
Lionel Messi,3201607,FC Barcelona,Copa América,Viertelfinale,Brasilien,Rio de Janeiro,A,2019-06-28,Argentinien,Venezuela,2:0,RA,0,0,0,,,,,,90'
Lionel Messi,3205412,FC Barcelona,Copa América,Halbfinale,Brasilien,Belo Horizonte,A,2019-07-03,Argentinien,Brasilien,0:2,RA,0,0,0,,,,,,90'
Lionel Messi,3208617,FC Barcelona,Copa América,Spiel um Platz Drei,Brasilien,,H,2019-07-06,Argentinien,Chile,2:1,RA,0,1,0,,,,,37',37'
Lionel Messi,3281616,FC Barcelona,Freundschaftsspiele,,Saudi-Arabien,,A,2019-11-15,Argentinien,Brasilien,1:0,HS,1,0,0,,,,,,90'
Lionel Messi,3282924,FC Barcelona,Freundschaftsspiele,,Israel,Tel Aviv,H,2019-11-18,Argentinien,Uruguay,2:2,RA,1,1,0,,,,,,90'
Lionel Messi,3334201,FC Barcelona,WM-Qualifikation Südamerika,Gruppe A,Argentinien,"La Boca, Buenos Aires, Capital Federal",H,2020-10-09,Argentinien,Ecuador,1:0,HS,1,0,0,,,,,,90'
Lionel Messi,3457907,FC Barcelona,WM-Qualifikation Südamerika,Gruppe A,Bolivien,La Paz,A,2020-10-13,Argentinien,Bolivien,2:1,RA,0,0,0,,,,,,90'
Lionel Messi,3466206,FC Barcelona,WM-Qualifikation Südamerika,Gruppe A,Argentinien,"La Boca, Buenos Aires, Capital Federal",H,2020-11-13,Argentinien,Paraguay,1:1,MS,0,0,0,,,,,,90'
Lionel Messi,3466209,FC Barcelona,WM-Qualifikation Südamerika,Gruppe A,Peru,Lima,A,2020-11-18,Argentinien,Peru,2:0,MS,0,0,0,,,,,,90'
Lionel Messi,3557026,FC Barcelona,WM-Qualifikation Südamerika,Gruppe A,Argentinien,,H,2021-06-04,Argentinien,Chile,1:1,MS,1,0,0,,,,,,90'
Lionel Messi,3557027,FC Barcelona,WM-Qualifikation Südamerika,Gruppe A,Kolumbien,Barranquilla,A,2021-06-09,Argentinien,Kolumbien,2:2,RA,0,0,0,,,,,,90'
Lionel Messi,3482730,FC Barcelona,Copa América,Gruppe A,Brasilien,Rio de Janeiro,H,2021-06-14,Argentinien,Chile,1:1,RA,1,0,0,,,,,,90'
Lionel Messi,3482734,FC Barcelona,Copa América,Gruppe A,Brasilien,Brasília,H,2021-06-19,Argentinien,Uruguay,1:0,RA,0,1,0,,,,,,90'
Lionel Messi,3482738,FC Barcelona,Copa América,Gruppe A,Brasilien,Brasília,H,2021-06-22,Argentinien,Paraguay,1:0,HS,0,0,0,,,,,,90'
Lionel Messi,3482743,FC Barcelona,Copa América,Gruppe A,Brasilien,,H,2021-06-29,Argentinien,Bolivien,4:1,HS,2,1,0,,,,,,90'
Lionel Messi,3590493,FC Barcelona,Copa América,Viertelfinale,Brasilien,,H,2021-07-04,Argentinien,Ecuador,3:0,RA,1,2,0,,,,,,90'
Lionel Messi,3602647,FC Barcelona,Copa América,Halbfinale,Brasilien,Brasília,H,2021-07-07,Argentinien,Kolumbien,4:3 n.E.,RA,0,1,0,,,,,,90'
Lionel Messi,3605018,FC Barcelona,Copa América,Finale,Brasilien,Rio de Janeiro,H,2021-07-11,Argentinien,Brasilien,1:0,MS,0,0,0,,,,,,90'
Lionel Messi,3653670,Paris Saint-Germain,WM-Qualifikation Südamerika,Gruppe A,Venezuela,Caracas,A,2021-09-03,Argentinien,Venezuela,3:1,HS,0,0,0,,,,,,90'
Lionel Messi,3653678,Paris Saint-Germain,WM-Qualifikation Südamerika,Gruppe A,Argentinien,Buenos Aires,H,2021-09-10,Argentinien,Bolivien,3:0,MS,3,0,0,,,,,,90'
Lionel Messi,3675141,Paris Saint-Germain,WM-Qualifikation Südamerika,Gruppe A,Paraguay,Asunción,A,2021-10-08,Argentinien,Paraguay,0:0,MS,0,0,0,,,,,,90'
Lionel Messi,3486595,Paris Saint-Germain,WM-Qualifikation Südamerika,Gruppe A,Argentinien,Buenos Aires,H,2021-10-11,Argentinien,Uruguay,3:0,MS,1,0,0,,,,,,90'
Lionel Messi,3675156,Paris Saint-Germain,WM-Qualifikation Südamerika,Gruppe A,Argentinien,Buenos Aires,H,2021-10-15,Argentinien,Peru,1:0,MS,0,0,0,,,,,,90'
Lionel Messi,3675159,Paris Saint-Germain,WM-Qualifikation Südamerika,Gruppe A,Uruguay,,A,2021-11-13,Argentinien,Uruguay,1:0,MS,0,0,0,76',,,,,14'
Lionel Messi,3675166,Paris Saint-Germain,WM-Qualifikation Südamerika,Gruppe A,Argentinien,San Juan,H,2021-11-17,Argentinien,Brasilien,0:0,MS,0,0,0,,,,,,90'
Lionel Messi,3675182,Paris Saint-Germain,WM-Qualifikation Südamerika,Gruppe A,Argentinien,"La Boca, Buenos Aires, Capital Federal",H,2022-03-26,Argentinien,Venezuela,3:0,MS,1,0,0,,,,,,90'
Lionel Messi,3675185,Paris Saint-Germain,WM-Qualifikation Südamerika,Gruppe A,Ecuador,Guayaquil,A,2022-03-30,Argentinien,Ecuador,1:1,MS,0,0,0,,,,,,90'
Lionel Messi,3777299,Paris Saint-Germain,CONMEBOL-UEFA Cup of Champions,Finale,England,London,A,2022-06-01,Argentinien,Italien,3:0,MS,0,2,0,,,,,,90'
Lionel Messi,3826305,Paris Saint-Germain,Freundschaftsspiele,,Spanien,Pamplona,H,2022-06-05,Argentinien,Estland,5:0,MS,5,0,0,,,,,,90'
Lionel Messi,3926402,Paris Saint-Germain,Freundschaftsspiele,,Vereinigte Staaten,"Miami Gardens, Florida",H,2022-09-24,Argentinien,Honduras,3:0,MS,2,0,0,,,,,,90'
Lionel Messi,3926431,Paris Saint-Germain,Freundschaftsspiele,,Vereinigte Staaten,"Harrison, New Jersey",A,2022-09-28,Argentinien,Jamaika,3:0,HS,2,0,0,56',,,,,34'
Lionel Messi,3926440,Paris Saint-Germain,Freundschaftsspiele,,Vereinigte Arabische Emirate,Abu Dhabi,A,2022-11-16,Argentinien,Vereinigte Arabische Emirate,5:0,HS,1,1,0,,,,,,90'
Lionel Messi,3788838,Paris Saint-Germain,Weltmeisterschaft,Gruppe C,Katar,,H,2022-11-22,Argentinien,Saudi-Arabien,1:2,HS,1,0,0,,,,,,90'
Lionel Messi,3788863,Paris Saint-Germain,Weltmeisterschaft,Gruppe C,Katar,,H,2022-11-26,Argentinien,Mexiko,2:0,HS,1,1,0,,,,,,90'
Lionel Messi,3788889,Paris Saint-Germain,Weltmeisterschaft,Gruppe C,Katar,,A,2022-11-30,Argentinien,Polen,2:0,MS,0,0,0,,,,,,90'
Lionel Messi,3970579,Paris Saint-Germain,Weltmeisterschaft,Achtelfinale,Katar,Al Rayyan,H,2022-12-03,Argentinien,Australien,2:1,MS,1,0,0,,,,,,90'
Lionel Messi,3971598,Paris Saint-Germain,Weltmeisterschaft,Viertelfinale,Katar,,A,2022-12-09,Argentinien,Niederlande,6:5 n.E.,HS,1,1,0,,,90',,,120'
Lionel Messi,3974501,Paris Saint-Germain,Weltmeisterschaft,Halbfinale,Katar,,H,2022-12-13,Argentinien,Kroatien,3:0,HS,1,1,0,,,,,,90'
Lionel Messi,3975879,Paris Saint-Germain,Weltmeisterschaft,Finale,Katar,,H,2022-12-18,Argentinien,Frankreich,7:5 n.E.,RA,2,0,0,,,,,,120'
Lionel Messi,4036578,Paris Saint-Germain,Freundschaftsspiele,,Argentinien,Buenos Aires,H,2023-03-24,Argentinien,Panama,2:0,RA,1,0,0,,,,,,90'
Lionel Messi,4036579,Paris Saint-Germain,Freundschaftsspiele,,Argentinien,,H,2023-03-29,Argentinien,Curaçao,7:0,RA,3,1,0,,,,,,90'
Lionel Messi,4082612,Paris Saint-Germain,Freundschaftsspiele,,China,Peking,H,2023-06-15,Argentinien,Australien,2:0,MS,1,0,0,,,,,,90'
Lionel Messi,4174979,Inter Miami,WM-Qualifikation Südamerika,Gruppe A,Argentinien,Buenos Aires,H,2023-09-08,Argentinien,Ecuador,1:0,RA,1,0,0,,89',,,,89'
Lionel Messi,4178570,Inter Miami,WM-Qualifikation Südamerika,Gruppe A,Argentinien,Buenos Aires,H,2023-10-13,Argentinien,Paraguay,1:0,RA,0,0,0,53',,,,,37'
Lionel Messi,4178576,Inter Miami,WM-Qualifikation Südamerika,Gruppe A,Peru,Lima,A,2023-10-18,Argentinien,Peru,2:0,RA,2,0,0,,,,,,90'
Lionel Messi,4178581,Inter Miami,WM-Qualifikation Südamerika,Gruppe A,Argentinien,"La Boca, Buenos Aires, Capital Federal",H,2023-11-17,Argentinien,Uruguay,0:2,RA,0,0,0,,,,,,90'
Lionel Messi,4178584,Inter Miami,WM-Qualifikation Südamerika,Gruppe A,Brasilien,Rio de Janeiro,A,2023-11-22,Argentinien,Brasilien,1:0,HS,0,0,0,,78',,,,78'
Lionel Messi,4347266,Inter Miami,Freundschaftsspiele,,Vereinigte Staaten,"Chicago, Illinois",H,2024-06-10,Argentinien,Ecuador,1:0,HS,0,0,0,56',,,,,34'
Lionel Messi,4347282,Inter Miami,Freundschaftsspiele,,Vereinigte Staaten,,H,2024-06-15,Argentinien,Guatemala,4:1,HS,2,1,0,,,,,,90'
Lionel Messi,4318070,Inter Miami,Copa América,Gruppe A,Vereinigte Staaten,,H,2024-06-21,Argentinien,Kanada,2:0,HS,0,1,0,,,,,,90'
Lionel Messi,4238562,Inter Miami,Copa América,Gruppe A,Vereinigte Staaten,"East Rutherford, New Jersey",A,2024-06-26,Argentinien,Chile,1:0,HS,0,0,0,,,,,,90'
Lionel Messi,4359358,Inter Miami,Copa América,Viertelfinale,Vereinigte Staaten,Houston,H,2024-07-05,Argentinien,Ecuador,5:3 n.E.,HS,0,0,0,,,,,,90'
Lionel Messi,4359362,Inter Miami,Copa América,Halbfinale,Vereinigte Staaten,"East Rutherford, New Jersey",H,2024-07-10,Argentinien,Kanada,2:0,HS,1,0,0,,,,,,90'
Lionel Messi,4359365,Inter Miami,Copa América,Finale,Vereinigte Staaten,"Miami Gardens, Florida",H,2024-07-15,Argentinien,Kolumbien,1:0 n.V.,HS,0,0,0,,66',,,,66'
Lionel Messi,4420128,Inter Miami,WM-Qualifikation Südamerika,Gruppe A,Venezuela,Puerto Ordaz,A,2024-10-10,Argentinien,Venezuela,1:1,MS,0,0,0,,,,,,90'
Lionel Messi,4420129,Inter Miami,WM-Qualifikation Südamerika,Gruppe A,Argentinien,Buenos Aires,H,2024-10-16,Argentinien,Bolivien,6:0,RA,3,2,0,,,,,,90'
Lionel Messi,4420135,Inter Miami,WM-Qualifikation Südamerika,Gruppe A,Paraguay,Asunción,A,2024-11-15,Argentinien,Paraguay,1:2,RA,0,0,0,,,,,,90'
Lionel Messi,4420139,Inter Miami,WM-Qualifikation Südamerika,Gruppe A,Argentinien,"La Boca, Buenos Aires, Capital Federal",H,2024-11-20,Argentinien,Peru,1:0,RA,0,1,0,,,,,,90'
Christiano Ronaldo,2266024,Manchester United,Freundschaftsspiele,,Portugal,Chaves,H,2003-08-20,Portugal,Kasachstan,1:0,RA,0,0,0,46',,,,,45'
Christiano Ronaldo,2381478,Manchester United,Freundschaftsspiele,,Portugal,Lissabon,H,2003-10-11,Portugal,Albanien,5:3,RA,0,0,0,,46',,,,45'
Christiano Ronaldo,1182089,Manchester United,Freundschaftsspiele,,Portugal,Faro,H,2004-02-18,Portugal,England,1:1,LA,0,0,0,46',,,,,45'
Christiano Ronaldo,2328084,Manchester United,Freundschaftsspiele,,Portugal,Braga,H,2004-03-31,Portugal,Italien,1:2,LA,0,0,0,46',,,,,45'
Christiano Ronaldo,2381457,Manchester United,Freundschaftsspiele,,Portugal,Coimbra,H,2004-04-28,Portugal,Schweden,2:2,RA,0,1,0,63',,,,,27'
Christiano Ronaldo,2381458,Manchester United,Freundschaftsspiele,,Portugal,Águeda,H,2004-05-29,Portugal,Luxemburg,3:0,RA,0,0,0,46',,,,,45'
Christiano Ronaldo,2381459,Manchester United,Freundschaftsspiele,,Portugal,Setúbal,H,2004-06-05,Portugal,Litauen,4:1,RA,0,0,0,64',,,,,26'
Christiano Ronaldo,244,Manchester United,Europameisterschaft,Gruppe A,Portugal,Porto,H,2004-06-12,Portugal,Griechenland,1:2,LA,1,0,0,46',,,,,45'
Christiano Ronaldo,253,Manchester United,Europameisterschaft,Gruppe A,Portugal,Lissabon,A,2004-06-16,Portugal,Russland,2:0,LA,0,1,0,78',,,,,12'
Christiano Ronaldo,255,Manchester United,Europameisterschaft,Gruppe A,Portugal,Lissabon,A,2004-06-20,Portugal,Spanien,1:0,LA,0,0,0,,85',,,,85'
Christiano Ronaldo,21028,Manchester United,Europameisterschaft,Viertelfinale,Portugal,Lissabon,H,2004-06-24,Portugal,England,8:7 n.E.,LA,0,0,0,,,,,,120'
Christiano Ronaldo,21032,Manchester United,Europameisterschaft,Halbfinale,Portugal,Lissabon,H,2004-06-30,Portugal,Niederlande,2:1,LA,1,1,0,,68',27',,,68'
Christiano Ronaldo,21034,Manchester United,Europameisterschaft,Finale,Portugal,Lissabon,H,2004-07-04,Portugal,Griechenland,0:1,LA,0,0,0,,,,,,90'
Christiano Ronaldo,2367723,Manchester United,WM-Qualifikation Europa,Gruppe 3,Lettland,Riga,A,2004-09-04,Portugal,Lettland,2:0,RA,1,1,0,,82',,,,82'
Christiano Ronaldo,2367726,Manchester United,WM-Qualifikation Europa,Gruppe 3,Portugal,Leiria,H,2004-09-08,Portugal,Estland,4:0,RA,1,2,0,,,,,,90'
Christiano Ronaldo,2367729,Manchester United,WM-Qualifikation Europa,Gruppe 3,Liechtenstein,Vaduz,A,2004-10-09,Portugal,Liechtenstein,2:2,LA,0,1,0,,61',,,,61'
Christiano Ronaldo,2367732,Manchester United,WM-Qualifikation Europa,Gruppe 3,Portugal,Lissabon,H,2004-10-13,Portugal,Russland,7:1,LA,2,1,0,,84',,,,84'
Christiano Ronaldo,2367735,Manchester United,WM-Qualifikation Europa,Gruppe 3,Luxemburg,Luxemburg,A,2004-11-17,Portugal,Luxemburg,5:0,RA,1,0,0,,,,,,90'
Christiano Ronaldo,2381370,Manchester United,Freundschaftsspiele,,Irland,Dublin,A,2005-02-09,Portugal,Irland,0:1,RA,0,0,0,,70',,,,70'
Christiano Ronaldo,2381371,Manchester United,Freundschaftsspiele,,Portugal,Vila Boa,H,2005-03-26,Portugal,Kanada,4:1,RA,0,0,0,,46',,,,45'
Christiano Ronaldo,2367739,Manchester United,WM-Qualifikation Europa,Gruppe 3,Slowakei,Bratislava,A,2005-03-30,Portugal,Slowakei,1:1,RA,0,0,0,,,,,,90'
Christiano Ronaldo,2367744,Manchester United,WM-Qualifikation Europa,Gruppe 3,Portugal,Lissabon,H,2005-06-04,Portugal,Slowakei,2:0,LA,1,0,0,,77',,,,77'
Christiano Ronaldo,2367748,Manchester United,WM-Qualifikation Europa,Gruppe 3,Estland,Tallinn,A,2005-06-08,Portugal,Estland,1:0,LA,1,0,0,,90',,,,90'
Christiano Ronaldo,2367714,Manchester United,WM-Qualifikation Europa,Gruppe 3,Portugal,Faro,H,2005-09-03,Portugal,Luxemburg,6:0,LA,0,0,0,,62',,,,62'
Christiano Ronaldo,2367710,Manchester United,WM-Qualifikation Europa,Gruppe 3,Russland,Moskau,A,2005-09-07,Portugal,Russland,0:0,LA,0,0,0,,,,,,90'
Christiano Ronaldo,2367708,Manchester United,WM-Qualifikation Europa,Gruppe 3,Portugal,Aveiro,H,2005-10-08,Portugal,Liechtenstein,2:1,LA,0,1,0,,84',28',,,84'
Christiano Ronaldo,2367703,Manchester United,WM-Qualifikation Europa,Gruppe 3,Portugal,Porto,H,2005-10-12,Portugal,Lettland,3:0,LA,0,0,0,,46',,,,45'
Christiano Ronaldo,2372160,Manchester United,Freundschaftsspiele,,Portugal,Coimbra,H,2005-11-12,Portugal,Kroatien,2:0,RA,0,1,0,,76',,,,76'
Christiano Ronaldo,2372159,Manchester United,Freundschaftsspiele,,Nordirland,Belfast,A,2005-11-15,Portugal,Nordirland,1:1,RA,0,0,0,,68',,,,68'
Christiano Ronaldo,2372147,Manchester United,Freundschaftsspiele,,Deutschland,Düsseldorf,H,2006-03-01,Portugal,Saudi-Arabien,3:0,LA,2,0,0,,,,,,90'
Christiano Ronaldo,2372146,Manchester United,Freundschaftsspiele,,Portugal,Èvora,H,2006-05-27,Portugal,Kap Verde,4:1,LA,0,0,0,,61',58',,,61'
Christiano Ronaldo,2372145,Manchester United,Freundschaftsspiele,,Frankreich,Longeville-lès-Metz,A,2006-06-03,Portugal,Luxemburg,3:0,LA,0,0,0,,70',32',,,70'
Christiano Ronaldo,46380,Manchester United,Weltmeisterschaft,Gruppe D,Deutschland,Köln,A,2006-06-11,Portugal,Angola,1:0,RA,0,0,0,,60',26',,,60'
Christiano Ronaldo,49327,Manchester United,Weltmeisterschaft,Gruppe D,Deutschland,Frankfurt (Main),H,2006-06-17,Portugal,Iran,2:0,LA,1,0,0,,,,,,90'
Christiano Ronaldo,53479,Manchester United,Weltmeisterschaft,Achtelfinale,Deutschland,Nürnberg,H,2006-06-25,Portugal,Niederlande,1:0,LA,0,0,0,,34',,,,34'
Christiano Ronaldo,53485,Manchester United,Weltmeisterschaft,Viertelfinale,Deutschland,Gelsenkirchen,A,2006-07-01,Portugal,England,3:1 n.E.,LA,0,0,0,,,,,,120'
Christiano Ronaldo,53489,Manchester United,Weltmeisterschaft,Halbfinale,Deutschland,München,H,2006-07-05,Portugal,Frankreich,0:1,LA,0,0,0,,,,,,90'
Christiano Ronaldo,53490,Manchester United,Weltmeisterschaft,Spiel um Platz Drei,Deutschland,Stuttgart,A,2006-07-08,Portugal,Deutschland,1:3,RA,0,0,0,,,,,,90'
Christiano Ronaldo,2372139,Manchester United,Freundschaftsspiele,,Dänemark,Brøndby,A,2006-09-01,Portugal,Dänemark,2:4,RA,0,1,0,,66',,,,66'
Christiano Ronaldo,64676,Manchester United,EM-Qualifikation,Gruppe A,Finnland,Helsinki,A,2006-09-06,Portugal,Finnland,1:1,RA,0,0,0,,,,,,90'
Christiano Ronaldo,64699,Manchester United,EM-Qualifikation,Gruppe A,Portugal,Porto,H,2006-10-07,Portugal,Aserbaidschan,3:0,RA,2,1,0,,73',,,,73'
Christiano Ronaldo,64721,Manchester United,EM-Qualifikation,Gruppe A,Polen,Chorzow,A,2006-10-11,Portugal,Polen,1:2,RA,0,0,0,,,,,,90'
Christiano Ronaldo,64742,Manchester United,EM-Qualifikation,Gruppe A,Portugal,Coimbra,H,2006-11-15,Portugal,Kasachstan,3:0,RA,1,0,0,,56',,,,56'
Christiano Ronaldo,2372137,Manchester United,Freundschaftsspiele,,England,London,A,2007-02-06,Portugal,Brasilien,2:0,RA,0,0,0,,62',,,,62'
Christiano Ronaldo,64761,Manchester United,EM-Qualifikation,Gruppe A,Portugal,Lissabon,H,2007-03-24,Portugal,Belgien,4:0,RA,2,1,0,,78',45',,,78'
Christiano Ronaldo,64784,Manchester United,EM-Qualifikation,Gruppe A,Serbien,Belgrad,A,2007-03-28,Portugal,Serbien,1:1,RA,0,0,0,,,35',,,90'
Christiano Ronaldo,68657,Manchester United,EM-Qualifikation,Gruppe A,Armenien,Yerevan,A,2007-08-22,Portugal,Armenien,1:1,RA,1,0,0,,,,,,90'
Christiano Ronaldo,84572,Manchester United,EM-Qualifikation,Gruppe A,Portugal,Lissabon,H,2007-09-08,Portugal,Polen,2:2,RA,1,0,0,,,,,,90'
Christiano Ronaldo,84628,Manchester United,EM-Qualifikation,Gruppe A,Portugal,Lissabon,H,2007-09-12,Portugal,Serbien,1:1,RA,0,0,0,,,,,,90'
Christiano Ronaldo,86188,Manchester United,EM-Qualifikation,Gruppe A,Aserbaidschan,Baku,A,2007-10-13,Portugal,Aserbaidschan,2:0,RA,0,0,0,,,,,,90'
Christiano Ronaldo,86190,Manchester United,EM-Qualifikation,Gruppe A,Kasachstan,Almaty,A,2007-10-17,Portugal,Kasachstan,2:1,RA,1,0,0,,,,,,90'
Christiano Ronaldo,87017,Manchester United,EM-Qualifikation,Gruppe A,Portugal,Leiria,H,2007-11-17,Portugal,Armenien,1:0,RA,0,0,0,,,,,,90'
Christiano Ronaldo,87037,Manchester United,EM-Qualifikation,Gruppe A,Portugal,Porto,H,2007-11-21,Portugal,Finnland,0:0,RA,0,0,0,,,,,,90'
Christiano Ronaldo,2371498,Manchester United,Freundschaftsspiele,,Schweiz,Zürich,A,2008-02-06,Portugal,Italien,1:3,LA,0,0,0,,,,,,90'
Christiano Ronaldo,4513556,Manchester United,Freundschaftsspiele,,Portugal,Viseu,H,2008-05-31,Portugal,Georgien,2:0,RA,0,0,0,,46',,,,45'
Christiano Ronaldo,88030,Manchester United,Europameisterschaft,Gruppe A,Schweiz,Carouge,H,2008-06-07,Portugal,Türkei,2:0,RA,0,0,0,,,,,,90'
Christiano Ronaldo,88037,Manchester United,Europameisterschaft,Gruppe A,Schweiz,Carouge,A,2008-06-11,Portugal,Tschechien,3:1,LA,1,1,0,,,,,,90'
Christiano Ronaldo,910142,Manchester United,Europameisterschaft,Viertelfinale,Schweiz,Basel,H,2008-06-19,Portugal,Deutschland,2:3,LA,0,0,0,,,,,,90'
Christiano Ronaldo,926622,Manchester United,WM-Qualifikation Europa,Gruppe A,Schweden,"Solna, Stockholm",A,2008-10-11,Portugal,Schweden,0:0,RA,0,0,0,,,,,,90'
Christiano Ronaldo,926645,Manchester United,WM-Qualifikation Europa,Gruppe A,Portugal,Braga,H,2008-10-15,Portugal,Albanien,0:0,RA,0,0,0,,,,,,90'
Christiano Ronaldo,930144,Manchester United,Freundschaftsspiele,,Brasilien,Gama,A,2008-11-19,Portugal,Brasilien,2:6,MS,0,0,0,,,85',,,90'
Christiano Ronaldo,934865,Manchester United,Freundschaftsspiele,,Portugal,Faro,H,2009-02-11,Portugal,Finnland,1:0,RA,1,0,0,,,,,,90'
Christiano Ronaldo,940687,Manchester United,WM-Qualifikation Europa,Gruppe A,Portugal,Porto,H,2009-03-28,Portugal,Schweden,0:0,RA,0,0,0,,,,,,90'
Christiano Ronaldo,942558,Manchester United,Freundschaftsspiele,,Schweiz,Lausanne,A,2009-03-31,Portugal,Südafrika,2:0,RA,0,0,0,57',,,,,33'
Christiano Ronaldo,942596,Manchester United,WM-Qualifikation Europa,Gruppe A,Albanien,Tirana,A,2009-06-06,Portugal,Albanien,2:1,RA,0,0,0,,,,,,90'
Christiano Ronaldo,972333,Real Madrid,WM-Qualifikation Europa,Gruppe A,Dänemark,København Ø.,A,2009-09-05,Portugal,Dänemark,1:1,MS,0,0,0,,,,,,90'
Christiano Ronaldo,972337,Real Madrid,WM-Qualifikation Europa,Gruppe A,Ungarn,Budapest,A,2009-09-09,Portugal,Ungarn,1:0,MS,0,0,0,,,,,,90'
Christiano Ronaldo,976693,Real Madrid,WM-Qualifikation Europa,Gruppe A,Portugal,Lissabon,H,2009-10-10,Portugal,Ungarn,3:0,LA,0,1,0,,27',,,,27'
Christiano Ronaldo,1021172,Real Madrid,Freundschaftsspiele,,Portugal,,H,2010-05-24,Portugal,Kap Verde,0:0,RA,0,0,0,,,64',,,90'
Christiano Ronaldo,1023390,Real Madrid,Freundschaftsspiele,,Portugal,,H,2010-06-01,Portugal,Kamerun,3:1,RA,0,1,0,,,,,,90'
Christiano Ronaldo,1023764,Real Madrid,Freundschaftsspiele,,Südafrika,Johannesburg,A,2010-06-08,Portugal,Mosambik,3:0,LA,0,0,0,63',,,,,27'
Christiano Ronaldo,986791,Real Madrid,Weltmeisterschaft,Gruppe G,Südafrika,,A,2010-06-15,Portugal,Elfenbeinküste,0:0,RA,0,0,0,,,21',,,90'
Christiano Ronaldo,986806,Real Madrid,Weltmeisterschaft,Gruppe G,Südafrika,Kapstadt,H,2010-06-21,Portugal,Nordkorea,7:0,LA,1,1,0,,,,,,90'
Christiano Ronaldo,986819,Real Madrid,Weltmeisterschaft,Gruppe G,Südafrika,Durban,H,2010-06-25,Portugal,Brasilien,0:0,MS,0,0,0,,,,,,90'
Christiano Ronaldo,1027636,Real Madrid,Weltmeisterschaft,Achtelfinale,Südafrika,Kapstadt,A,2010-06-29,Portugal,Spanien,0:1,LA,0,0,0,,,,,,90'
Christiano Ronaldo,1057736,Real Madrid,EM-Qualifikation,Gruppe H,Portugal,Porto,H,2010-10-08,Portugal,Dänemark,3:1,LA,1,1,0,,,,,,90'
Christiano Ronaldo,1058097,Real Madrid,EM-Qualifikation,Gruppe H,Island,Reykjavík,A,2010-10-12,Portugal,Island,3:1,LA,1,0,0,,,,,,90'
Christiano Ronaldo,1043566,Real Madrid,Freundschaftsspiele,,Portugal,Lissabon,H,2010-11-17,Portugal,Spanien,4:0,LA,0,1,0,,46',9',,,45'
Christiano Ronaldo,1078435,Real Madrid,Freundschaftsspiele,,Schweiz,Carouge,H,2011-02-09,Portugal,Argentinien,1:2,LA,1,0,0,,61',,,,61'
Christiano Ronaldo,1076898,Real Madrid,EM-Qualifikation,Gruppe H,Portugal,Lissabon,H,2011-06-04,Portugal,Norwegen,1:0,LA,0,0,0,,,,,,90'
Christiano Ronaldo,1137112,Real Madrid,Freundschaftsspiele,,Portugal,Faro,H,2011-08-10,Portugal,Luxemburg,5:0,RA,1,1,0,,46',,,,45'
Christiano Ronaldo,1076900,Real Madrid,EM-Qualifikation,Gruppe H,Zypern,Nicosia,A,2011-09-02,Portugal,Zypern,4:0,LA,2,1,0,,,83',,,90'
Christiano Ronaldo,1076904,Real Madrid,EM-Qualifikation,Gruppe H,Portugal,Porto,H,2011-10-07,Portugal,Island,5:3,LA,0,0,0,,,,,,90'
Christiano Ronaldo,1076906,Real Madrid,EM-Qualifikation,Gruppe H,Dänemark,København Ø.,A,2011-10-11,Portugal,Dänemark,1:2,LA,1,0,0,,,,,,90'
Christiano Ronaldo,1157850,Real Madrid,EM-Qualifikation Playoff,Relegation Hinspiele,Bosnien-Herzegowina,Zenica,A,2011-11-11,Portugal,Bosnien-Herzegowina,0:0,LA,0,0,0,,,,,,90'
Christiano Ronaldo,1157857,Real Madrid,EM-Qualifikation Playoff,Relegation Rückspiele,Portugal,Lissabon,H,2011-11-15,Portugal,Bosnien-Herzegowina,6:2,LA,2,0,0,,,,,,90'
Christiano Ronaldo,1179880,Real Madrid,Freundschaftsspiele,,Polen,Warszawa,A,2012-02-29,Portugal,Polen,0:0,LA,0,0,0,,76',,,,76'
Christiano Ronaldo,2214058,Real Madrid,Freundschaftsspiele,,Portugal,Leiria,H,2012-05-26,Portugal,Mazedonien,0:0,LA,0,0,0,,73',,,,73'
Christiano Ronaldo,2207004,Real Madrid,Freundschaftsspiele,,Portugal,Lissabon,H,2012-06-02,Portugal,Türkei,1:3,LA,0,1,0,,,,,,90'
Christiano Ronaldo,1168999,Real Madrid,Europameisterschaft,Gruppe B,Ukraine,Lviv,A,2012-06-09,Portugal,Deutschland,0:1,LA,0,0,0,,,,,,90'
Christiano Ronaldo,1169001,Real Madrid,Europameisterschaft,Gruppe B,Ukraine,Lviv,A,2012-06-13,Portugal,Dänemark,3:2,LA,0,0,0,,,90',,,90'
Christiano Ronaldo,1169002,Real Madrid,Europameisterschaft,Gruppe B,Ukraine,Kharkiv,H,2012-06-17,Portugal,Niederlande,2:1,LA,2,0,0,,,,,,90'
Christiano Ronaldo,2219366,Real Madrid,Europameisterschaft,Viertelfinale,Polen,Warszawa,A,2012-06-21,Portugal,Tschechien,1:0,LA,1,0,0,,,,,,90'
Christiano Ronaldo,2221241,Real Madrid,Europameisterschaft,Halbfinale,Ukraine,Donetsk,H,2012-06-27,Portugal,Spanien,2:4 n.E.,LA,0,0,0,,,,,,120'
Christiano Ronaldo,2255564,Real Madrid,Freundschaftsspiele,,Portugal,Faro,H,2012-08-15,Portugal,Panama,2:0,LA,1,0,0,,61',,,,61'
Christiano Ronaldo,2262614,Real Madrid,WM-Qualifikation Europa,Gruppe F,Luxemburg,Luxemburg,A,2012-09-07,Portugal,Luxemburg,2:1,LA,1,0,0,,,,,,90'
Christiano Ronaldo,2262617,Real Madrid,WM-Qualifikation Europa,Gruppe F,Portugal,Braga,H,2012-09-11,Portugal,Aserbaidschan,3:0,LA,0,2,0,,,90',,,90'
Christiano Ronaldo,2262618,Real Madrid,WM-Qualifikation Europa,Gruppe F,Russland,Moskau,A,2012-10-12,Portugal,Russland,0:1,LA,0,0,0,,,,,,90'
Christiano Ronaldo,2262620,Real Madrid,WM-Qualifikation Europa,Gruppe F,Portugal,Porto,H,2012-10-16,Portugal,Nordirland,1:1,LA,0,0,0,,,,,,90'
Christiano Ronaldo,2289048,Real Madrid,Freundschaftsspiele,,Portugal,Guimarães,H,2013-02-06,Portugal,Ecuador,2:3,LA,1,0,0,,62',,,,62'
Christiano Ronaldo,2262624,Real Madrid,WM-Qualifikation Europa,Gruppe F,Israel,"Ramat Gan, Tel Aviv",A,2013-03-22,Portugal,Israel,3:3,LA,0,1,0,,,72',,,90'
Christiano Ronaldo,2262629,Real Madrid,WM-Qualifikation Europa,Gruppe F,Portugal,Lissabon,H,2013-06-07,Portugal,Russland,1:0,LA,0,0,0,,,,,,90'
Christiano Ronaldo,2319931,Real Madrid,Freundschaftsspiele,,Schweiz,Carouge,A,2013-06-10,Portugal,Kroatien,1:0,LA,1,0,0,,46',,,,45'
Christiano Ronaldo,2361418,Real Madrid,Freundschaftsspiele,,Portugal,Faro,H,2013-08-14,Portugal,Niederlande,1:1,LA,1,0,0,,,,,,90'
Christiano Ronaldo,2262631,Real Madrid,WM-Qualifikation Europa,Gruppe F,Nordirland,Belfast,A,2013-09-06,Portugal,Nordirland,4:2,LA,3,0,0,,90',44',,,90'
Christiano Ronaldo,2262637,Real Madrid,WM-Qualifikation Europa,Gruppe F,Portugal,Lissabon,H,2013-10-11,Portugal,Israel,1:1,LA,0,0,0,,,90',,,90'
Christiano Ronaldo,2372902,Real Madrid,WM-Qualifikation Playoff,Qualifikationsrunde - Hinspiele,Portugal,Lissabon,H,2013-11-15,Portugal,Schweden,1:0,LA,1,0,0,,,77',,,90'
Christiano Ronaldo,2372906,Real Madrid,WM-Qualifikation Playoff,Qualifikationsrunde - Rückspiele,Schweden,Stockholm,A,2013-11-19,Portugal,Schweden,3:2,LA,3,0,0,,,,,,90'
Christiano Ronaldo,2438029,Real Madrid,Freundschaftsspiele,,Portugal,Leiria,H,2014-03-05,Portugal,Kamerun,5:1,MS,2,1,0,,87',,,,87'
Christiano Ronaldo,2445367,Real Madrid,Freundschaftsspiele,,Vereinigte Staaten,"East Rutherford, New Jersey",H,2014-06-11,Portugal,Irland,5:1,LA,0,1,0,,65',,,,65'
Christiano Ronaldo,2384340,Real Madrid,Weltmeisterschaft,Gruppe G,Brasilien,Salvador,A,2014-06-16,Portugal,Deutschland,0:4,LA,0,0,0,,,,,,90'
Christiano Ronaldo,2384357,Real Madrid,Weltmeisterschaft,Gruppe G,Brasilien,,A,2014-06-23,Portugal,Vereinigte Staaten,2:2,LA,0,1,0,,,,,,90'
Christiano Ronaldo,2384325,Real Madrid,Weltmeisterschaft,Gruppe G,Brasilien,Brasília,H,2014-06-26,Portugal,Ghana,2:1,LA,1,0,0,,,,,,90'
Christiano Ronaldo,2494667,Real Madrid,Freundschaftsspiele,,Frankreich,Saint Denis,A,2014-10-11,Portugal,Frankreich,1:2,MS,0,0,0,,76',,,,76'
Christiano Ronaldo,2429399,Real Madrid,EM-Qualifikation,Gruppe I,Dänemark,København Ø.,A,2014-10-14,Portugal,Dänemark,1:0,MS,1,0,0,,,90',,,90'
Christiano Ronaldo,2429408,Real Madrid,EM-Qualifikation,Gruppe I,Portugal,Faro,H,2014-11-14,Portugal,Armenien,1:0,MS,1,0,0,,,,,,90'
Christiano Ronaldo,2511692,Real Madrid,Freundschaftsspiele,,England,Manchester,A,2014-11-18,Portugal,Argentinien,1:0,MS,0,0,0,,46',,,,45'
Christiano Ronaldo,2429454,Real Madrid,EM-Qualifikation,Gruppe I,Portugal,Lissabon,H,2015-03-29,Portugal,Serbien,2:1,MS,0,0,0,,,,,,90'
Christiano Ronaldo,2429471,Real Madrid,EM-Qualifikation,Gruppe I,Armenien,Yerevan,A,2015-06-13,Portugal,Armenien,3:2,MS,3,0,0,,,,,,90'
Christiano Ronaldo,2620405,Real Madrid,Freundschaftsspiele,,Portugal,Lissabon,H,2015-09-04,Portugal,Frankreich,0:1,LA,0,0,0,,67',,,,67'
Christiano Ronaldo,2429526,Real Madrid,EM-Qualifikation,Gruppe I,Albanien,Elbasan,A,2015-09-07,Portugal,Albanien,1:0,MS,0,0,0,,,,,,90'
Christiano Ronaldo,2429544,Real Madrid,EM-Qualifikation,Gruppe I,Portugal,Braga,H,2015-10-08,Portugal,Dänemark,1:0,MS,0,0,0,,,,,,90'
Christiano Ronaldo,2676764,Real Madrid,Freundschaftsspiele,,Portugal,Leiria,H,2016-03-25,Portugal,Bulgarien,0:1,MS,0,0,0,,,,,,90'
Christiano Ronaldo,2676658,Real Madrid,Freundschaftsspiele,,Portugal,Leiria,H,2016-03-29,Portugal,Belgien,2:1,MS,1,0,0,,60',,,,60'
Christiano Ronaldo,2697047,Real Madrid,Freundschaftsspiele,,Portugal,Lissabon,H,2016-06-08,Portugal,Estland,7:0,MS,2,0,0,,46',,,,45'
Christiano Ronaldo,2645645,Real Madrid,Europameisterschaft,Gruppe F,Frankreich,Saint-Etienne,H,2016-06-14,Portugal,Island,1:1,MS,0,0,0,,,,,,90'
Christiano Ronaldo,2645657,Real Madrid,Europameisterschaft,Gruppe F,Frankreich,Paris,H,2016-06-18,Portugal,Österreich,0:0,MS,0,0,0,,,,,,90'
Christiano Ronaldo,2645668,Real Madrid,Europameisterschaft,Gruppe F,Frankreich,,A,2016-06-22,Portugal,Ungarn,3:3,MS,2,1,0,,,,,,90'
Christiano Ronaldo,2701330,Real Madrid,Europameisterschaft,Achtelfinale,Frankreich,Lens,A,2016-06-25,Portugal,Kroatien,1:0 n.V.,MS,0,1,0,,,,,,120'
Christiano Ronaldo,2702906,Real Madrid,Europameisterschaft,Viertelfinale,Frankreich,Marseille,A,2016-06-30,Portugal,Polen,6:4 n.E.,MS,0,0,0,,,,,,120'
Christiano Ronaldo,2707818,Real Madrid,Europameisterschaft,Halbfinale,Frankreich,,H,2016-07-06,Portugal,Wales,2:0,MS,1,1,0,,,72',,,90'
Christiano Ronaldo,2711570,Real Madrid,Europameisterschaft,Finale,Frankreich,Saint Denis,H,2016-07-10,Portugal,Frankreich,1:0 n.V.,MS,0,0,0,,25',,,,25'
Christiano Ronaldo,2643495,Real Madrid,WM-Qualifikation Europa,Gruppe B,Portugal,Aveiro,H,2016-10-07,Portugal,Andorra,6:0,MS,4,0,0,,,,,,90'
Christiano Ronaldo,2643498,Real Madrid,WM-Qualifikation Europa,Gruppe B,Färöer,Tórshavn,A,2016-10-10,Portugal,Färöer,6:0,MS,1,0,0,,,,,,90'
Christiano Ronaldo,2643501,Real Madrid,WM-Qualifikation Europa,Gruppe B,Portugal,Faro,H,2016-11-13,Portugal,Lettland,4:1,LA,2,0,0,,,,,,90'
Christiano Ronaldo,2643505,Real Madrid,WM-Qualifikation Europa,Gruppe B,Portugal,Lissabon,H,2017-03-25,Portugal,Ungarn,3:0,LA,2,0,0,,,,,,90'
Christiano Ronaldo,2815159,Real Madrid,Freundschaftsspiele,,Portugal,Machico,H,2017-03-28,Portugal,Schweden,2:3,MS,1,0,0,,59',,,,59'
Christiano Ronaldo,2643507,Real Madrid,WM-Qualifikation Europa,Gruppe B,Lettland,Riga,A,2017-06-09,Portugal,Lettland,3:0,HS,2,1,0,,,,,,90'
Christiano Ronaldo,2852374,Real Madrid,Confederations Cup,Gruppe A,Russland,Kazan,H,2017-06-18,Portugal,Mexiko,2:2,MS,0,1,0,,,,,,90'
Christiano Ronaldo,2852377,Real Madrid,Confederations Cup,Gruppe A,Russland,,A,2017-06-21,Portugal,Russland,1:0,HS,1,0,0,,,,,,90'
Christiano Ronaldo,2852382,Real Madrid,Confederations Cup,Gruppe A,Russland,,A,2017-06-24,Portugal,Neuseeland,4:0,HS,1,0,0,,67',,,,67'
Christiano Ronaldo,2868776,Real Madrid,Confederations Cup,Halbfinale,Russland,Kazan,H,2017-06-28,Portugal,Chile,0:3 n.E.,HS,0,0,0,,,,,,120'
Christiano Ronaldo,2643509,Real Madrid,WM-Qualifikation Europa,Gruppe B,Portugal,Porto,H,2017-08-31,Portugal,Färöer,5:1,MS,3,1,0,,,,,,90'
Christiano Ronaldo,2643514,Real Madrid,WM-Qualifikation Europa,Gruppe B,Ungarn,,A,2017-09-03,Portugal,Ungarn,1:0,HS,0,1,0,,,90',,,90'
Christiano Ronaldo,2643516,Real Madrid,WM-Qualifikation Europa,Gruppe B,Andorra,Andorra la Vella,A,2017-10-07,Portugal,Andorra,2:0,HS,1,0,0,46',,,,,45'
Christiano Ronaldo,2643519,Real Madrid,WM-Qualifikation Europa,Gruppe B,Portugal,Lissabon,H,2017-10-10,Portugal,Schweiz,2:0,HS,0,0,0,,,,,,90'
Christiano Ronaldo,2993150,Real Madrid,Freundschaftsspiele,,Schweiz,Zürich,H,2018-03-23,Portugal,Ägypten,2:1,HS,2,0,0,,,,,,90'
Christiano Ronaldo,2993264,Real Madrid,Freundschaftsspiele,,Schweiz,Carouge,A,2018-03-26,Portugal,Niederlande,0:3,MS,0,0,0,,68',,,,68'
Christiano Ronaldo,2986123,Real Madrid,Freundschaftsspiele,,Portugal,Lissabon,H,2018-06-07,Portugal,Algerien,3:0,MS,0,1,0,,74',,,,74'
Christiano Ronaldo,2977690,Real Madrid,Weltmeisterschaft,Gruppe B,Russland,,H,2018-06-15,Portugal,Spanien,3:3,MS,3,0,0,,,,,,90'
Christiano Ronaldo,2977691,Real Madrid,Weltmeisterschaft,Gruppe B,Russland,Moskau,H,2018-06-20,Portugal,Marokko,1:0,MS,1,0,0,,,,,,90'
Christiano Ronaldo,2977693,Real Madrid,Weltmeisterschaft,Gruppe B,Russland,,A,2018-06-25,Portugal,Iran,1:1,HS,0,0,0,,,83',,,90'
Christiano Ronaldo,3057975,Real Madrid,Weltmeisterschaft,Achtelfinale,Russland,,A,2018-06-30,Portugal,Uruguay,1:2,MS,0,0,0,,,90',,,90'
Christiano Ronaldo,3131183,Juventus Turin,EM-Qualifikation,Gruppe B,Portugal,Lissabon,H,2019-03-22,Portugal,Ukraine,0:0,LA,0,0,0,,,,,,90'
Christiano Ronaldo,3131695,Juventus Turin,EM-Qualifikation,Gruppe B,Portugal,Lissabon,H,2019-03-25,Portugal,Serbien,1:1,HS,0,0,0,,31',,,,31'
Christiano Ronaldo,3131624,Juventus Turin,UEFA Nations League Finals,Halbfinale,Portugal,Porto,H,2019-06-05,Portugal,Schweiz,3:1,MS,3,0,0,,,,,,90'
Christiano Ronaldo,3193694,Juventus Turin,UEFA Nations League Finals,Finale,Portugal,Porto,H,2019-06-09,Portugal,Niederlande,1:0,MS,0,0,0,,,,,,90'
Christiano Ronaldo,3136918,Juventus Turin,EM-Qualifikation,Gruppe B,Serbien,Belgrad,A,2019-09-07,Portugal,Serbien,4:2,MS,1,0,0,,,,,,90'
Christiano Ronaldo,3136920,Juventus Turin,EM-Qualifikation,Gruppe B,Litauen,Vilnius,A,2019-09-10,Portugal,Litauen,5:1,MS,4,0,0,,80',,,,80'
Christiano Ronaldo,3136922,Juventus Turin,EM-Qualifikation,Gruppe B,Portugal,Lissabon,H,2019-10-11,Portugal,Luxemburg,3:0,MS,1,0,0,,,,,,90'
Christiano Ronaldo,3136925,Juventus Turin,EM-Qualifikation,Gruppe B,Ukraine,Kiew,A,2019-10-14,Portugal,Ukraine,1:2,MS,1,0,0,,,,,,90'
Christiano Ronaldo,3136927,Juventus Turin,EM-Qualifikation,Gruppe B,Portugal,Faro,H,2019-11-14,Portugal,Litauen,6:0,HS,3,0,0,,83',,,,83'
Christiano Ronaldo,3136929,Juventus Turin,EM-Qualifikation,Gruppe B,Luxemburg,Luxemburg,A,2019-11-17,Portugal,Luxemburg,2:0,LA,1,0,0,,,,,,90'
Christiano Ronaldo,3330698,Juventus Turin,UEFA Nations League A,Gruppe 3,Schweden,Stockholm,A,2020-09-08,Portugal,Schweden,2:0,MS,2,0,0,,81',,,,81'
Christiano Ronaldo,3462421,Juventus Turin,Freundschaftsspiele,,Portugal,Lissabon,H,2020-10-07,Portugal,Spanien,0:0,LA,0,0,0,,73',,,,73'
Christiano Ronaldo,3330704,Juventus Turin,UEFA Nations League A,Gruppe 3,Frankreich,Saint Denis,A,2020-10-11,Portugal,Frankreich,0:0,MS,0,0,0,,,,,,90'
Christiano Ronaldo,3486169,Juventus Turin,Freundschaftsspiele,,Portugal,Lissabon,H,2020-11-11,Portugal,Andorra,7:0,MS,1,1,0,46',,,,,45'
Christiano Ronaldo,3330717,Juventus Turin,UEFA Nations League A,Gruppe 3,Portugal,Lissabon,H,2020-11-14,Portugal,Frankreich,0:1,MS,0,0,0,,,,,,90'
Christiano Ronaldo,3330731,Juventus Turin,UEFA Nations League A,Gruppe 3,Kroatien,Split,A,2020-11-17,Portugal,Kroatien,3:2,MS,0,0,0,,,54',,,90'
Christiano Ronaldo,3495170,Juventus Turin,WM-Qualifikation Europa,Gruppe A,Italien,Torino,H,2021-03-24,Portugal,Aserbaidschan,1:0,LA,0,0,0,,,,,,90'
Christiano Ronaldo,3495200,Juventus Turin,WM-Qualifikation Europa,Gruppe A,Serbien,Belgrad,A,2021-03-27,Portugal,Serbien,2:2,MS,0,0,0,,,90',,,90'
Christiano Ronaldo,3495220,Juventus Turin,WM-Qualifikation Europa,Gruppe A,Luxemburg,Luxemburg,A,2021-03-30,Portugal,Luxemburg,3:1,MS,1,0,0,,,,,,90'
Christiano Ronaldo,3579715,Juventus Turin,Freundschaftsspiele,,Spanien,Madrid,A,2021-06-04,Portugal,Spanien,0:0,MS,0,0,0,,,,,,90'
Christiano Ronaldo,3577695,Juventus Turin,Freundschaftsspiele,,Portugal,Lissabon,H,2021-06-09,Portugal,Israel,4:0,MS,1,0,0,,71',,,,71'
Christiano Ronaldo,3486422,Juventus Turin,Europameisterschaft,Gruppe F,Ungarn,,A,2021-06-15,Portugal,Ungarn,3:0,MS,2,0,0,,,,,,90'
Christiano Ronaldo,3287214,Juventus Turin,Europameisterschaft,Gruppe F,Deutschland,München,H,2021-06-19,Portugal,Deutschland,2:4,MS,1,1,0,,,,,,90'
Christiano Ronaldo,3287222,Juventus Turin,Europameisterschaft,Gruppe F,Ungarn,,H,2021-06-23,Portugal,Frankreich,2:2,MS,2,0,0,,,,,,90'
Christiano Ronaldo,3587342,Juventus Turin,Europameisterschaft,Achtelfinale,Spanien,Sevilla,A,2021-06-27,Portugal,Belgien,0:1,MS,0,0,0,,,,,,90'
Christiano Ronaldo,3495246,Manchester United,WM-Qualifikation Europa,Gruppe A,Portugal,Faro,H,2021-09-01,Portugal,Irland,2:1,MS,2,0,0,,,90',,,90'
Christiano Ronaldo,3672821,Manchester United,Freundschaftsspiele,,Portugal,Faro,H,2021-10-09,Portugal,Katar,3:0,LA,1,0,0,,46',,,,45'
Christiano Ronaldo,3495505,Manchester United,WM-Qualifikation Europa,Gruppe A,Portugal,Lissabon,H,2021-10-12,Portugal,Luxemburg,5:0,LA,3,0,0,,,,,,90'
Christiano Ronaldo,3495644,Manchester United,WM-Qualifikation Europa,Gruppe A,Irland,Dublin,A,2021-11-11,Portugal,Irland,0:0,LA,0,0,0,,,,,,90'
Christiano Ronaldo,3495790,Manchester United,WM-Qualifikation Europa,Gruppe A,Portugal,Lissabon,H,2021-11-14,Portugal,Serbien,1:2,MS,0,0,0,,,,,,90'
Christiano Ronaldo,3704058,Manchester United,WM-Qualifikation Playoff,Halbfinale,Portugal,Porto,H,2022-03-24,Portugal,Türkei,3:1,MS,0,0,0,,,,,,90'
Christiano Ronaldo,3777956,Manchester United,WM-Qualifikation Playoff,Qualifikationsrunde,Portugal,Porto,H,2022-03-29,Portugal,Nordmazedonien,2:0,LA,0,1,0,,,,,,90'
Christiano Ronaldo,3716437,Manchester United,UEFA Nations League A,Gruppe 2,Spanien,Sevilla,A,2022-06-02,Portugal,Spanien,1:1,MS,0,0,0,62',,,,,28'
Christiano Ronaldo,3716445,Manchester United,UEFA Nations League A,Gruppe 2,Portugal,Lissabon,H,2022-06-05,Portugal,Schweiz,4:0,MS,2,1,0,,,,,,90'
Christiano Ronaldo,3716454,Manchester United,UEFA Nations League A,Gruppe 2,Portugal,Lissabon,H,2022-06-09,Portugal,Tschechien,2:0,MS,0,0,0,,,52',,,90'
Christiano Ronaldo,3716476,Manchester United,UEFA Nations League A,Gruppe 2,Tschechien,Prag,A,2022-09-24,Portugal,Tschechien,4:0,MS,0,1,0,,,,,,90'
Christiano Ronaldo,3716484,Manchester United,UEFA Nations League A,Gruppe 2,Portugal,Lissabon,H,2022-09-27,Portugal,Spanien,0:1,MS,0,0,0,,,,,,90'
Christiano Ronaldo,3788848,Vereinslos,Weltmeisterschaft,Gruppe H,Katar,,H,2022-11-24,Portugal,Ghana,3:2,MS,1,0,0,,88',,,,88'
Christiano Ronaldo,3788873,Vereinslos,Weltmeisterschaft,Gruppe H,Katar,,H,2022-11-28,Portugal,Uruguay,2:0,MS,0,0,0,,82',,,,82'
Christiano Ronaldo,3788899,Vereinslos,Weltmeisterschaft,Gruppe H,Katar,,A,2022-12-02,Portugal,Südkorea,1:2,MS,0,0,0,,65',,,,65'
Christiano Ronaldo,3970994,Vereinslos,Weltmeisterschaft,Achtelfinale,Katar,,H,2022-12-06,Portugal,Schweiz,6:1,MS,0,0,0,74',,,,,16'
Christiano Ronaldo,3973427,Vereinslos,Weltmeisterschaft,Viertelfinale,Katar,,A,2022-12-10,Portugal,Marokko,0:1,MS,0,0,0,51',,,,,39'
Christiano Ronaldo,3941666,Al-Nassr,EM-Qualifikation,Gruppe J,Portugal,Lissabon,H,2023-03-23,Portugal,Liechtenstein,4:0,MS,2,0,0,,78',,,,78'
Christiano Ronaldo,3941663,Al-Nassr,EM-Qualifikation,Gruppe J,Luxemburg,,A,2023-03-26,Portugal,Luxemburg,6:0,MS,2,0,0,,65',57',,,65'
Christiano Ronaldo,3941656,Al-Nassr,EM-Qualifikation,Gruppe J,Portugal,Lissabon,H,2023-06-17,Portugal,Bosnien-Herzegowina,3:0,MS,0,0,0,,,,,,90'
Christiano Ronaldo,3941665,Al-Nassr,EM-Qualifikation,Gruppe J,Island,Reykjavík,A,2023-06-20,Portugal,Island,1:0,MS,1,0,0,,,83',,,90'
Christiano Ronaldo,3941664,Al-Nassr,EM-Qualifikation,Gruppe J,Slowakei,Bratislava,A,2023-09-08,Portugal,Slowakei,1:0,MS,0,0,0,,,62',,,90'
Christiano Ronaldo,3941662,Al-Nassr,EM-Qualifikation,Gruppe J,Portugal,Porto,H,2023-10-13,Portugal,Slowakei,3:2,MS,2,0,0,,,,,,90'
Christiano Ronaldo,3941661,Al-Nassr,EM-Qualifikation,Gruppe J,Bosnien-Herzegowina,Zenica,A,2023-10-16,Portugal,Bosnien-Herzegowina,5:0,MS,2,1,0,,66',,,,66'
Christiano Ronaldo,3941674,Al-Nassr,EM-Qualifikation,Gruppe J,Liechtenstein,Vaduz,A,2023-11-16,Portugal,Liechtenstein,2:0,LA,1,0,0,,67',,,,67'
Christiano Ronaldo,3941659,Al-Nassr,EM-Qualifikation,Gruppe J,Portugal,Lissabon,H,2023-11-19,Portugal,Island,2:0,MS,0,1,0,,,,,,90'
Christiano Ronaldo,4283888,Al-Nassr,Freundschaftsspiele,,Slowenien,Ljubljana,A,2024-03-26,Portugal,Slowenien,0:2,MS,0,0,0,,,,,,90'
Christiano Ronaldo,4283887,Al-Nassr,Freundschaftsspiele,,Portugal,Aveiro,H,2024-06-11,Portugal,Irland,3:0,MS,2,0,0,,,,,,90'
Christiano Ronaldo,4235818,Al-Nassr,Europameisterschaft,Gruppe F,Deutschland,Leipzig,H,2024-06-18,Portugal,Tschechien,2:1,MS,0,0,0,,,,,,90'
Christiano Ronaldo,4235829,Al-Nassr,Europameisterschaft,Gruppe F,Deutschland,Dortmund,A,2024-06-22,Portugal,Türkei,3:0,MS,0,1,0,,,,,,90'
Christiano Ronaldo,4235841,Al-Nassr,Europameisterschaft,Gruppe F,Deutschland,Gelsenkirchen,A,2024-06-26,Portugal,Georgien,0:2,MS,0,0,0,,66',28',,,66'
Christiano Ronaldo,4359332,Al-Nassr,Europameisterschaft,Achtelfinale,Deutschland,Frankfurt (Main),H,2024-07-01,Portugal,Slowenien,3:0 n.E.,MS,0,0,0,,,,,,120'
Christiano Ronaldo,4359337,Al-Nassr,Europameisterschaft,Viertelfinale,Deutschland,Hamburg,H,2024-07-05,Portugal,Frankreich,3:5 n.E.,MS,0,0,0,,,,,,120'
Christiano Ronaldo,4284225,Al-Nassr,UEFA Nations League A,Gruppe 1,Portugal,Lissabon,H,2024-09-05,Portugal,Kroatien,2:1,MS,1,0,0,,88',,,,88'
Christiano Ronaldo,4284227,Al-Nassr,UEFA Nations League A,Gruppe 1,Portugal,Lissabon,H,2024-09-08,Portugal,Schottland,2:1,MS,1,0,0,46',,,,,45'
Christiano Ronaldo,4284229,Al-Nassr,UEFA Nations League A,Gruppe 1,Polen,Warszawa,A,2024-10-12,Portugal,Polen,3:1,MS,1,0,0,,63',,,,63'
Christiano Ronaldo,4284232,Al-Nassr,UEFA Nations League A,Gruppe 1,Schottland,Glasgow,A,2024-10-15,Portugal,Schottland,0:0,MS,0,0,0,,,,,,90'
Christiano Ronaldo,4284226,Al-Nassr,UEFA Nations League A,Gruppe 1,Portugal,Porto,H,2024-11-15,Portugal,Polen,5:1,MS,2,1,0,,,45',,,90'
